名称,名称(英語),カテゴリ,カテゴリ補足,ジャンル,ジャンル,ジャンル,ジャンル,季節,場所,郵便番号,都道府県名,市区町村名,行政区名,住所,住所(かな),緯度,経度,説明(日本語),説明(英語),電話番号,FAX番号,営業時間,開所時刻,閉所時刻,定休日,利用料金,画像URL,画像URL,画像URL,サムネイル画像URL,ホームページアドレス,創設日,創設者,所在地（基本、名称と同じもの）,名称(中国語簡体字),説明(中国語簡体字),名称(中国語繁体字),説明(中国語繁体字),名称(韓国語),説明(韓国語),名称(ポルトガル語),説明(ポルトガル語),標準地域コード
めがねミュージアム,"",観光,資料館・博物館,観る,遊ぶ,買う,"","","","","","","",鯖江市新横江2丁目3-4（ めがね会館）,"",35.942758,136.198844,"館内にはめがねショップ、めがね博物館、手づくりめがね工房や鯖江スイーツが楽しめるカフェやお土産コーナーがあります。
福井県内優良メーカーのオリジナルハウスブランドや有名人がデザインした「sabae」ブランドめがねなど、１５００種以上の最新デザインと技術をそろえためがねが並ぶショップ、めがね大使である俳優・大村崑氏の芸能人めがねコレクションの展示やめがねの歴史が学べる博物館、さらに、自分だけのオリジナルめがねが欲しい方のための「手づくりめがね工房」があり、世界にひとつだけのめがねが作れます。めがねの他にも、ミニめがね型ストラップやアクセサリーも作ることができます。","",0778-42-8311,"","めがねSHOP：10:00〜19:00
体験工房/めがね博物館/SabaeSweets : 10:00〜17:00
MUSEUM CAFE：10:00〜16:00",10:00:00,19:00:00,水曜日,"",https://www.city.sabae.fukui.jp/xml/sabakan/simage/pavilion_001.jpg,https://www.city.sabae.fukui.jp/xml/sabakan/simage/t_playing_004.jpg,"","",http://www.megane.gr.jp/museum/,"","",めがねミュージアム,"","","","","","","","",http://statdb.nstac.go.jp/lod/sac/C18207
石田縞手織りセンター,"",観光,資料館・博物館,観る,遊ぶ,"","","","","","","","",福井県鯖江市糺町32-1-1,"",35.972732,136.175826,鯖江市繊維会館内にある施設です。鯖江市は古くから繊維産業が盛んです。そのルーツである伝統織り「石田縞」が、時を越えて繊維のすばらしさと奥深さを伝えています。当センターでは、伝統ある石田縞の紹介や、昔ながらの手織り体験ができます。,"",0778-52-1880,"",10：00〜16：00,10:00:00,16:00:00,土曜日、日曜日、祝日,"",https://www.city.sabae.fukui.jp/xml/sabakan/simage/pavilion_002.jpg,"","","",https://s-senkyo.com/,"","",石田縞手織りセンター,"","","","","","","","",http://statdb.nstac.go.jp/lod/sac/C18207
うるしの里会館,"",観光,資料館・博物館,観る,遊ぶ,買う,"","","","","","","",福井県鯖江市西袋町40-1-2,"",35.953033,136.2738,館内のミュージアムショップでは、産地ならではの品揃えで越前漆器が直販価格で販売されています。また、越前漆器の歴史が学べる資料が展示されているほか、隣接の職人工房では伝統工芸士による実演を見学できます。さらに、絵付け･沈金・拭き漆の３つの漆器体験で、自分だけのオリジナル作品を作ることができます。,"",0778-65-2727,"",9：00〜17：00,09:00:00,17:00:00,第4火曜日（祝日の場合は翌日）,"",https://www.city.sabae.fukui.jp/xml/sabakan/simage/pavilion_003.jpg,https://www.city.sabae.fukui.jp/xml/sabakan/simage/t_playing_002.jpg,https://www.city.sabae.fukui.jp/xml/sabakan/simage/t_shopping_101.jpg,"",http://www.echizen.or.jp/,"","",うるしの里会館,"","","","","","","","",http://statdb.nstac.go.jp/lod/sac/C18207
まなべの館,"",観光,資料館・博物館,観る,"","","","","","","","","",鯖江市長泉寺町1丁目9-20,"",35.9535,136.184339,鯖江市の歴史が学べる博物館です。鯖江の歴代藩主の書画や遺品を紹介する「まなべの部屋」をはじめ、市内遺跡からの出土品や貴重な考古資料を紹介する「考古学の部屋」、近松門左衛門の関連資料が並ぶ「近松の部屋」、鯖江市出身のアニメーション作家・久里洋二氏の作人が並ぶ「久里洋二の部屋」、鯖江市出身の芸術家・故西山真一氏の作品を紹介する「西山真一の部屋」が常設され、学びの施設として親しまれています。また、企画展や市民によるギャラリー展なども随時開催されます。,"",0778-51-5999,"",9：00〜17：00（入館は16：30まで）,09:00:00,17:00:00,月曜日（祝日の場合は翌日）、祝日、年末年始,"個人：大人100円　小人（小・中学生）50円

団体：大人 50円　小人（小・中学生）30円　※20人以上で団体となります。",https://www.city.sabae.fukui.jp/xml/sabakan/simage/pavilion_004.jpg,"","","",https://www.city.sabae.fukui.jp/kosodate_kyoiku/manabenoyakata/manabenoyakata.html,"","",まなべの館,"","","","","","","","",http://statdb.nstac.go.jp/lod/sac/C18207
久里洋二の世界　GALLERY Ｋ,"",観光,資料館・博物館,観る,"","","","","","","","","",鯖江市糺町16-18,"",35.977267,136.167572,日本を代表するイラストレーターであり、まなべの館名誉館長でもある 鯖江市出身の久里洋二氏。彼の作品に出会える夢のギャラリーです 。ふしぎにあたたかい久里洋二氏の楽しい世界を体感できます。お気軽にお立ち寄りください。作品を購入することもできます。,"",0778-52-7470,"",13：00〜18：00,13:00:00,18:00:00,月曜日、火曜日、第3日曜日,"",https://www.city.sabae.fukui.jp/xml/sabakan/simage/pavilion_005.jpg,"","","",https://www.yojikuri.jp/,"","",久里洋二の世界　GALLERY Ｋ,"","","","","","","","",http://statdb.nstac.go.jp/lod/sac/C18207
鯖江まちなか,"",観光,まちなみ,観る,"","","","","","","","","",鯖江市本町1〜4丁目一帯,"",35.946356,136.185384,ハピライン鯖江駅周辺の昔ながらの街並みが残るエリアを「さばえまちなか」と呼んでいます。鯖江藩主・間部（まなべ）家の門前町として栄えたこのエリアには、花街の面影残る石畳の小路や、旧北陸道沿いのお寺、由緒ある和洋菓子店など、ぶらり立ち寄りたいスポットがいっぱいあります。,"","","","","","","","",https://www.city.sabae.fukui.jp/xml/sabakan/simage/town_001.jpg,"","","","","","",鯖江まちなか,"","","","","","","","",http://statdb.nstac.go.jp/lod/sac/C18207
近松の里,"",観光,まちなみ,観る,"","","","","","","","","",鯖江市吉江町一帯,"",35.988434,136.174379,元禄三代文豪に数えられる近松門左衛門。その作品は、後世の文学作品にも多くの影響を及ぼし、日本のシェークスピアといわれています。その近松が多感な幼年期を過ごしたのが吉江町です。この地は正保二年(1645年)から29年間、松平昌親を藩主とする吉江藩がありました。現在の立待地区には当時の風情を残す七曲りや春慶寺、福正寺、西光寺、近松門左衛門の文学碑などがあります。,"","","","","","","","",https://www.city.sabae.fukui.jp/xml/sabakan/simage/town_002.jpg,"","","","","","",近松の里,"","","","","","","","",http://statdb.nstac.go.jp/lod/sac/C18207
うるしの里,"",観光,まちなみ,観る,"","","","","","","","","",鯖江市河和田地区一帯,"",35.951634,136.272686,鯖江市東部にある「うるしの里」は、伝統ある越前漆器の産地。業務用漆器の国内シェア80%以上を占めるています。中心にある「うるしの里会館」は、越前漆器の情報発信や販売、職人工房、漆器の絵付け体験などができます。産地の中でも河和田町の「中道通り」は、漆器の工房や職人の家屋が古くから多く集積しており、漆の香り漂うレトロなまち並みが続く情緒ある通り。ぜひ歩いてほしい。また、ものづくりの現場を気軽に見ることができる「軒下工房」は「もの作りの現場を、軒下から気軽に見るような感覚で見ていただきたい」という思いで工房を広,"","","","","","","","",https://www.city.sabae.fukui.jp/xml/sabakan/simage/town_003.jpg,"","","","","","",うるしの里,"","","","","","","","",http://statdb.nstac.go.jp/lod/sac/C18207
誠照寺,"",観光,神社仏閣,観る,"","","","","","","","","",鯖江市本町3丁目2-38,"",35.946979,136.184354,親鸞聖人ゆかりの寺で、真宗誠照寺派本山で越前四箇本山の一つ。御影堂は木造建物では県内最大規模を誇る。山門は四足門で「鳥棲まずの門」とも言われ、左甚五郎作と伝えられる彫刻「駆け出しの竜」は特に有名です。また、境内では毎月第２日曜日（1･2月は除く）に「誠市」が開催され、多くの人で賑わいます。,"",0778-54-0001,"",9:00〜16:00,09:00:00,16:00:00,"","",https://www.city.sabae.fukui.jp/xml/sabakan/simage/temples_001.jpg,"","","",https://www.jyosyoji.org/,"","",誠照寺,"","","","","","","","",http://statdb.nstac.go.jp/lod/sac/C18207
車の道場（上野別堂）,"",観光,神社仏閣,観る,"","","","","","","","","",鯖江市日の出町7-1,"",35.939427,136.185663,正式には「上野別堂」といい、親鸞上人が当地ではじめて教えを説いた念仏道場。上人が乗られた輿（こし）に車がついていたことから、この名がついたといわれています。,"","","","","","","","",https://www.city.sabae.fukui.jp/xml/sabakan/simage/temples_002.jpg,"","","","","","",車の道場,"","","","","","","","",http://statdb.nstac.go.jp/lod/sac/C18207
證誠寺,"",観光,神社仏閣,観る,"","","","","","","","","",鯖江市横越町13-43,"",35.945889,136.203644,親鸞配流の途中、山元の庄（水落町）に立ち寄り、草庵にて念仏説法をされました。これに帰依した信者の願いにより、上人自ら像を刻んで子の善鸞(ぜんらん)に与えて山元の庄へ遣わせました。その長男浄如(じょうにょ)が寺を建立し、山元山證誠寺が誕生しました。,"",0778-51-0636,"","","","","","",https://www.city.sabae.fukui.jp/xml/sabakan/simage/temples_003.jpg,"","","","","","",證誠寺,"","","","","","","","",http://statdb.nstac.go.jp/lod/sac/C18207
萬慶寺,"",観光,神社仏閣,観る,"","","","","","","","","",鯖江市深江町6-14,"",35.94178,136.184986,曹洞宗大本山永平寺の直末寺で鯖江藩主・間部公の菩提寺。本堂の天井には、７代藩主間部詮勝（あきかつ）の筆による天井墨絵「風神」「龍神」「雷神」は有名で指定文化財にもなっています。,"",0778-51-0481,"","","","","","",https://www.city.sabae.fukui.jp/xml/sabakan/simage/temples_004.jpg,"","","","","","",萬慶寺,"","","","","","","","",http://statdb.nstac.go.jp/lod/sac/C18207
中道院,"",観光,神社仏閣,観る,"","","","","","","","","",鯖江市長泉寺町2-7-7,"",35.955959,136.185286,中道院で行われる「すりばちやいと」とは、元三大師が悪病に苦しむ庶民を助けようと始めた加持秘法で、頭にかぶる護摩炉がすりばちに似ていることからこう呼ばれています。頭痛など諸病に効果があり、最近では頭がよくなると受験生の参拝も目立ちます。毎年２月２０日・３月２日,"",0778-51-1870,"","","","","","",https://www.city.sabae.fukui.jp/xml/sabakan/simage/temples_005.jpg,"","","","","","",中道院,"","","","","","","","",http://statdb.nstac.go.jp/lod/sac/C18207
松阜神社,"",観光,神社仏閣,観る,"","","","","","","","","",鯖江市旭町1丁目2-14,"",35.944299,136.187897,もとは鯖江藩邸内にあって、間部詮房（まなべあきふさ）、詮言（あきとき）を祀っていた受福堂が萬慶寺に移されたのを、明治に入り現在の地に移し、７代詮勝（あきかつ）も祭神に加えたものです。舟津神社の祭神大彦命（おおひこのみこと）らの神々を合祀して、名を松阜神社と改めました。本殿右方に移築された受福堂御門が現存し、鯖江市指定文化財となっています。,"",0778-53-0523,"","","","","","",https://www.city.sabae.fukui.jp/xml/sabakan/simage/temples_006.jpg,"","","","","","",松阜神社,"","","","","","","","",http://statdb.nstac.go.jp/lod/sac/C18207
弁天堂,"",観光,神社仏閣,観る,"","","","","","","","","",鯖江市旭町2丁目1-2-19-1,"",35.945845,136.187917,旭町2丁目にひっそりと遺るこのお堂には、弘法大師が作られた３体の霊像の一つである弁財天が安置されています。もとは、江戸幕府将軍家の宝物だったのを６代将軍徳川家宣(いえのぶ)から間部詮房が拝領したものです。弁天様は琵琶をたずさえた美しい天女姿で、音楽や福徳財宝の神として信仰されています。,"","","","","","","","",https://www.city.sabae.fukui.jp/xml/sabakan/simage/temples_007.jpg,"","","","","","",弁天堂,"","","","","","","","",http://statdb.nstac.go.jp/lod/sac/C18207
舟津神社,"",観光,神社仏閣,観る,"","","","","","","","","",鯖江市舟津町1丁目3-5,"",35.938675,136.186221,崇神天皇の時代（紀元前1世紀）、北陸地方平定のため大彦命（おおひこのみこと）が派遣され、鯖江の王山に陣を置き、賊を平定しました。当時沼地だった鯖江の平野部一帯で、命が舟を着けたところを舟津と言ったことから、134年大彦命を祀って「舟津神社」と名付けられました。延喜式神名帳には「丹津神社」と記述があり、北陸随一の古社として古来より敬われてきました。文政元年の建築とされる本殿と赤鳥居は福井県指定文化財です。,"",0778-51-0966,"","","","","","",https://www.city.sabae.fukui.jp/xml/sabakan/simage/temples_008.jpg,"","","","","","",舟津神社,"","","","","","","","",http://statdb.nstac.go.jp/lod/sac/C18207
神明社,"",観光,神社仏閣,観る,"","","","","","","","","",鯖江市水落町81-1,"",35.971034,136.182531,5世紀半ば伊勢神宮天照(あまてらす)大神(おおみかみ)を祀って文殊山南麓に創建されていたのを1129年烏ヶ森(からすがもり)に遷宮(せんぐう)しました。約5万坪の広大な敷地を持ち、歴代の領主の保護を受け、江戸時代には特に栄えて盛大なお祭りは越前第一と言われました。神明社の社叢林(しゃそうりん)、烏ヶ森は原生林に近い自然林で古くから聖域として大切にされてきた一方、この一帯は江戸時代までは物騒な所でもありました。昭和27年境内公園に整備されています。森は天然記念物として鯖江市の指定文化財です,"",0778-51-2700,"","","","","","",https://www.city.sabae.fukui.jp/xml/sabakan/simage/temples_009.jpg,"","","","","","",神明社,"","","","","","","","",http://statdb.nstac.go.jp/lod/sac/C18207
長久寺,"",観光,神社仏閣,観る,"","","","","","","","","",鯖江市神明町4丁目1-7,"",35.977863,136.186777,"初代福井藩主結城(ゆうき)秀康(ひでやす)が鳥羽野(とばの)開発に着手しましたが志し半ばで亡くなった後、2代松平忠直(ただなお)が引継ぎました。神明社を東へ、下河端を北へ行き麻生津へ抜ける北陸道を整備し、周囲８ヶ村の領民を街道筋に移住させました。この事業にあたり、移住者への行き届いた心配りをしたことや街道沿いが賑わったことから領民は藩主忠直に大変感謝しました。しかしその忠直が幕府の怒りに触れ、九州へ配流処分となったため、藩主をお慰めしようと建てた寺が長久寺です。「長久」の名は開拓事業に尽力した奉行渡辺牛兵衛長久にちなんでつけました。また寺内には家康公、秀康公、忠直公の木像が祀ってあります。山号も２人の「康」をとって「二康山」と名乗っています。 
境内に忠直卿のお墓があります。29歳の時流された忠直は豊後(ぶんご)の地で56歳の生涯を閉じました。３回忌に８ヶ村の代表者が大分に赴き、元藩主愛用の聖観音と土を持ち帰りお墓をたてました。忠直は領民に名君と慕われていたのです。","","","","","","","","",https://www.city.sabae.fukui.jp/xml/sabakan/simage/temples_010.jpg,"","","","","","",長久寺,"","","","","","","","",http://statdb.nstac.go.jp/lod/sac/C18207
西光寺,"",観光,神社仏閣,観る,"","","","","","","","","",鯖江市杉本町31-42-1,"",35.982717,136.170424,西光寺は本願寺第７代法主存如(そんにょ)（蓮如の父）の創建による古刹(こさつ)で、真宗北陸布教の足掛かりとなったお寺です。一時は相当な数の門徒をかかえ、勢力をふるっていましたが、織田信長の軍勢に敗れ、寺も焼き討ちにあいました。その後石田から現在の地に移って再興され今に至っています。,"",0778-51-1539,"","","","","","",https://www.city.sabae.fukui.jp/xml/sabakan/simage/temples_011.jpg,"","","","","","",西光寺,"","","","","","","","",http://statdb.nstac.go.jp/lod/sac/C18207
春慶寺,"",観光,神社仏閣,観る,"","","","","","","","","",鯖江市米岡町5-1,"",35.989717,136.176678,創建は奈良時代。泰澄大師が修行中に草庵を結んだ「心敬時（しんけいじ）」が前身です。吉江藩成立後に、春慶寺という寺号になりました。近松門左衛門が幼少時代この寺の一隅を借りて住んでいたと言われています。,"","","","","","","","",https://www.city.sabae.fukui.jp/xml/sabakan/simage/temples_012.jpg,"","","","","","",春慶寺,"","","","","","","","",http://statdb.nstac.go.jp/lod/sac/C18207
漆器神社（八幡神社）,"",観光,神社仏閣,観る,"","","","","","","","","",鯖江市片山町,"",35.949013,136.276161,八幡神社（片山町）、敷山神社（河和田町）の境内には漆器神社があります。八幡神社には、漆器工芸がすべて手作りで行われていた当時の全工程の道具が保存されています。眺めのよい立地で、うるしの里を一望できます。,"","","","","","","","",https://www.city.sabae.fukui.jp/xml/sabakan/simage/temples_013.jpg,"","","","","","",漆器神社（八幡神社）,"","","","","","","","",http://statdb.nstac.go.jp/lod/sac/C18207
漆器神社（敷山神社）,"",観光,神社仏閣,観る,"","","","","","","","","",鯖江市河和田町15-7,"",35.951721,136.269906,敷山神社は式内社であり、古くからのお宮さんです。河和田川を挟んで逆方向の西北の山腹にあります。うっそうとした繁みの中を曲折した石段が続きます。本殿まで登りきると、河和田の街並みが一望できます。漆器神社は本殿への石段を上がる前の右手に十数段上がったところにあります。見事な漆の天井絵は、普段は非公開ですが、見学をご希望の方はうるしの里会館まで、お問い合わせ下さい。（電話　0778-65-2727）,"","","","","","","","",https://www.city.sabae.fukui.jp/xml/sabakan/simage/temples_014.jpg,"","","","","","",漆器神社（敷山神社）,"","","","","","","","",http://statdb.nstac.go.jp/lod/sac/C18207
加多志波（かたしば）神社,"",観光,神社仏閣,観る,"","","","","","","","","",鯖江市川島町27-22,"",35.945323,136.225489,加多志波神社は、川島町三里山麓の杉小立の中にある氏神様です。この加多志波神社には３つの面があります。木造の鎌倉後期の作といわれており、父鬼・母鬼・子鬼の３面とも国の重要文化財に指定されています。毎年2月11日には、餅をまいて厄を払う神事「おこない」が加多志波神社境内で催されます。また一年でこの日に限って、宝物庫の扉が開かれ、3面の追儺面の見学が許されます。,"","","","","","","","",https://www.city.sabae.fukui.jp/xml/sabakan/simage/temples_015.jpg,"","","","","","",加多志波神社,"","","","","","","","",http://statdb.nstac.go.jp/lod/sac/C18207
春日大社,"",観光,神社仏閣,観る,"","","","","","","","","",鯖江市鳥井町12-31-1,"",35.944456,136.167699,慶長18年（1613）に建築された三間社流造柿葺の建物です。大彦命の建立と伝えられ、本殿は国指定重要文化財です。覆屋が架けられていたため、建物の保存が良い。また、市指定文化財の狛犬や鯖江藩士の弓術・砲術の献額があります。,"","","","","","","","",https://www.city.sabae.fukui.jp/xml/sabakan/simage/temples_016.jpg,"","","","","","",春日大社,"","","","","","","","",http://statdb.nstac.go.jp/lod/sac/C18207
中野神社,"",観光,神社仏閣,観る,"","","","","","","","","",鯖江市中野町182-1,"",35.946589,136.213805,鯖江市南東部に位置した中野区の総社。三里山の中の杉林の山道や苔むした石畳階段は荘厳で神聖な空間が広がっています。また、朱の鳥居や社の建築装飾も見事ごとです。,"","","","","","","","",https://www.city.sabae.fukui.jp/xml/sabakan/simage/temples_017.jpg,"","","","","","",中野神社,"","","","","","","","",http://statdb.nstac.go.jp/lod/sac/C18207
日吉神社,"",観光,神社仏閣,観る,"","","","","","","","","",鯖江市上野田町5-41,"",35.941832,136.149353,鯖江の南西部にあります。境内の相生の大杉や池がすばらしく、鎮守の森として荘厳な雰囲気があり、鯖江百景のひとつに選ばれています。,"","","","","","","","",https://www.city.sabae.fukui.jp/xml/sabakan/simage/temples_018.jpg,"","","","","","",日吉神社,"","","","","","","","",http://statdb.nstac.go.jp/lod/sac/C18207
劔神社（下新庄町）,"",観光,神社仏閣,観る,"","","","","","","","","",鯖江市下新庄町60-71,"",35.936486,136.212657,境内入口には2つの鳥居、150ｍ以上の奥行きがある石畳の参道を進むと奥には庭園があります。境内は手入れが行き届き、静寂で荘厳な雰囲気の神社です。,"","","","","","","","",https://www.city.sabae.fukui.jp/xml/sabakan/simage/temples_019.jpg,"","","","","","",劔神社,"","","","","","","","",http://statdb.nstac.go.jp/lod/sac/C18207
刀那の滝,"",観光,自然,観る,"","","","","","","","","",鯖江市上戸口町,"",35.97163317,136.2645435,刀那（とな）の滝は、まぼろしの村三峯をめざす山道の途中にあります。大正14年の滝開き以来、たくさんの人に安らぎを与えてきました。,"","","","","","","","",https://www.city.sabae.fukui.jp/xml/sabakan/simage/nature_001.jpg,"","","","","","",刀那の滝,"","","","","","","","",http://statdb.nstac.go.jp/lod/sac/C18207
きらめきロード中河,"",観光,自然,観る,"","","","","","","","","",鯖江市中野町,"",35.95254,136.207561,鯖江市の東部を流れる浅水川の堤防沿いの通り。桜並木と地域の人が植えた水仙が美しい花を咲かせます。4月上旬〜中旬の頃が特に美しい景観となり、鯖江百景のひとつです。,"","","","","","","","",https://www.city.sabae.fukui.jp/xml/sabakan/simage/nature_002.jpg,"","","","","","",きらめきロード中河,"","","","","","","","",http://statdb.nstac.go.jp/lod/sac/C18207
榎お清水,"",観光,自然,観る,"","","","","","","","","",鯖江市米岡町,"",35.98941,136.177551,春慶寺山麓にあるお清水です。千古の昔より湧き出ており、近松時代の頃は吉江藩のお泉水として利用されていました。旅人はお不動様に手を合わせ、このお清水で喉をうるおしたといわれています。前には近松の浄瑠璃をイメージした公園があります。このあたりは平成19年度より整備が進められ、平成22年に美しく完成しました。,"","","","","","","","",https://www.city.sabae.fukui.jp/xml/sabakan/simage/nature_003.jpg,"","","","","","",榎お清水,"","","","","","","","",http://statdb.nstac.go.jp/lod/sac/C18207
桃源清水,"",観光,自然,観る,"","","","","","","","","",鯖江市上河内町,"",35.943402,136.318862,ラポーゼかわだより南東へ約２ｋｍ。継体大王が水源を求めて訪れたと伝わるこの谷の清水は、昔から飲料水として住民に利用されてきました。平成16年の福井豪雨により甚大な被害を受けましたが、多くの方の支援により美しく復興し、現在は市民の憩いの場として親しまれています。平成20年に「ふくいのおいしい水」に認定されました。,"","","","","","","","",https://www.city.sabae.fukui.jp/xml/sabakan/simage/nature_004.jpg,"","","","","","",桃源清水,"","","","","","","","",http://statdb.nstac.go.jp/lod/sac/C18207
三場坂清水,"",観光,自然,観る,"","","","","","","","","",鯖江市上河内町35-22-1,"",35.949094,136.312403,ラポーゼかわだより東へ約1.3ｋｍ。山道を300ｍほど登ると水場があります。岩清水とも呼ばれるように岩から湧き出る清水で、水質もよく、古くから地域住民の飲料水として用いられてきました。平成20年「ふくいのおいしい水」に認定されました。,"","","","","","","","",https://www.city.sabae.fukui.jp/xml/sabakan/simage/nature_005.jpg,"","","","","","",三場坂清水,"","","","","","","","",http://statdb.nstac.go.jp/lod/sac/C18207
福鉄鉄橋,"",観光,歴史・文化,観る,"","","","","","","","","",鯖江市長泉寺町2丁目,"",35.95571,136.185867,福井鉄道福武線の市道に架かる鉄橋橋で、大正13年ごろの建築です。無骨な橋脚と、元山大師が開いた「すりばちやいと」のお寺、中道院の杉の大木が絶妙のコントラストです。,"","","","","","","","",https://www.city.sabae.fukui.jp/xml/sabakan/simage/history_001.jpg,"","","","","","",福鉄鉄橋,"","","","","","","","",http://statdb.nstac.go.jp/lod/sac/C18207
弁天橋,"",観光,歴史・文化,観る,"","","","","","","","","",鯖江市吉江町,"",35.989189,136.171316,鯖江市北部を東西に流れる浅水川の改修により架けられた橋で、朱色の高欄が美しい。また、近松門左衛門が住んでいたことをモチーフに高欄が造られています。,"","","","","","","","",https://www.city.sabae.fukui.jp/xml/sabakan/simage/history_002.jpg,"","","","","","",弁天橋,"","","","","","","","",http://statdb.nstac.go.jp/lod/sac/C18207
地蔵橋,"",観光,歴史・文化,観る,"","","","","","","","","",鯖江市本町4丁目3-19,"",35.950067,136.185611,天正年間に織田と朝倉の戦いで、橋を壊して長泉寺を守ろうとする朝倉勢に対し、織田勢は路傍にあった石地蔵を川に投げ込んで埋め、その上を踏み越えて進軍した。後年、長泉寺の僧が、「我が体を踏ませて、通る衆生に功徳を与えん」と夢のお告げを受け、谷底から引き上げて旧北陸道の小川の橋にしました。実際に、このお地蔵さんの磨り減った様子から、多くの人馬がこの上を通行したことが偲ばれます。,"","","","","","","","",https://www.city.sabae.fukui.jp/xml/sabakan/simage/history_003.jpg,"","","","","","",地蔵橋,"","","","","","","","",http://statdb.nstac.go.jp/lod/sac/C18207
王山古墳群,"",観光,歴史・文化,観る,"","","","","","","","","",鯖江市日の出町,"",35.939546,136.18517,王山は標高62mの小山で、弥生時代から古墳時代の古墳約50基が散在しています。中でももっとも古いのは、弥生時代後期（3世紀）のもので、墳丘墓（方形周溝墓）になっており、その規模は一辺が8〜12ｍ、高さ１〜２ｍあります。集溝からは、東海や近畿地方の影響をうけた土器が出土しており、葬祭儀礼に関したものと思われます。また、古墳群のあたりは、史跡公園として整備され、野鳥の声を聞きながら心静かに散策できるスポットになっています。,"","","","","","","","",https://www.city.sabae.fukui.jp/xml/sabakan/simage/history_004.jpg,"","","","","","",王山古墳群,"","","","","","","","",http://statdb.nstac.go.jp/lod/sac/C18207
兜山古墳,"",観光,歴史・文化,観る,"","","","","","","","","",鯖江市神明町2丁目,"",35.974425,136.183393,兜山古墳は、北陸最大級の円墳で、一重ねの鏡餅のような姿をしています。雑木で覆われた古墳の頂上には、「八幡神社」が鎮座し古墳全体がその境内になっています。築造年代はその巨大さからみて、4〜5世紀と思われます。昭和52年国の指定史跡となりました。,"","","","","","","","",https://www.city.sabae.fukui.jp/xml/sabakan/simage/history_005.jpg,"","","","","","",兜山古墳,"","","","","","","","",http://statdb.nstac.go.jp/lod/sac/C18207
旧瓜生家住宅,"",観光,歴史・文化,観る,"","","","","","","","","",鯖江市水落町4丁目81-1-1,"",35.971034,136.182531,神明社の中にある元禄年間に建てられた県内最古の民家で、800年以上も神明社の宮司を務めてきた瓜生家の住宅跡です。現存する民家としては福井県内最古建造物として全国的に有名で、国の指定文化財になっています。また、神明社の社叢森は「烏ヶ森（からすがもり）」と呼ばれ、巨木や古木に覆われており、まるで昔へタイムスリップしたような空間が広がります。,"",0778-51-5999（鯖江市教育委員会）,"",10:00〜16:00,10:00:00,16:00:00,年中無休,"",https://www.city.sabae.fukui.jp/xml/sabakan/simage/history_006.jpg,"","","","","","",旧瓜生家住宅,"","","","","","","","",http://statdb.nstac.go.jp/lod/sac/C18207
恵美写真館洋館・表門,"",観光,歴史・文化,観る,"","","","","","","","","",鯖江市本町3丁目1-28,"",35.946549,136.186237,明治38年建設の擬洋風建築物で、洋館は木造寄棟造瓦葺の２階建てで、前面中央に入母屋造桟瓦葺の2層車寄せを設けています。表門はアーチ上屋根に銅板を葺き、和風（薬医門形式）の門構えをしています。和風に洋風をうまく取り入れた見事な建築物で、外観に施された擬似大理石手法や鳳凰の漆喰模様などに優れた左官技術がうかがえます。平成10年に国の登録有形文化財に指定されました。,"",0778-51-0160,"","","","",不定休,"",https://www.city.sabae.fukui.jp/xml/sabakan/simage/history_007.jpg,"","","","","","",恵美写真館洋館,"","","","","","","","",http://statdb.nstac.go.jp/lod/sac/C18207
植田家長屋門,"",観光,歴史・文化,観る,"","","","","","","","","",鯖江市旭町1丁目5-6,"",35.952655,136.248632,植田家は、代々鯖江藩家老の家柄でした。長屋門というのは、門を兼ねた一つ屋根の横に長い門のことで、門をはさんで両脇にいくつかの部屋があるものです。植田家には、この長屋門が現存しており、旧藩時代の数少ない遺構の一つとして鯖江市文化財に指定されています。,"","","","","","","","",https://www.city.sabae.fukui.jp/xml/sabakan/simage/history_008.jpg,"","","","","","",植田家長屋門,"","","","","","","","",http://statdb.nstac.go.jp/lod/sac/C18207
近藤醤油店,"",観光,歴史・文化,観る,"","","","","","","","","",鯖江市水落町3丁目,"",35.967001,136.183044,鯖江市水落町3丁目付近は、旧北陸街道の風情が感じられる建物が多く残っています。その中でもこの建物は、特に趣が感じられます。鯖江百景のひとつです。,"","","","","","",月曜日、祝日(月曜日が祝日の場合は翌日）,"",https://www.city.sabae.fukui.jp/xml/sabakan/simage/history_009.jpg,"","","","","","",近藤醤油店,"","","","","","","","",http://statdb.nstac.go.jp/lod/sac/C18207
あめや呉服店,"",観光,歴史・文化,観る,"","","","","","","","","",鯖江市本町３丁目2-43,"",35.946723,136.185287,２階建ての店舗兼主屋は２階部分が黒漆喰塗りで木の柱が塗り込まれており、伝統的な造りのなかに近代的防火構造が見て取れ、平成１９年１２月に国の登録有形文化財となりました。店内にある横2.4ｍ、高さ96㎝の「呉服」の大看板の文字は、福田大観（後の北大路魯山人）によって大正2年9月に創業100周年記念として彫られたものです。,"",0778-51-0024,"",10:00〜18:00,10:00:00,18:00:00,"","",https://www.city.sabae.fukui.jp/xml/sabakan/simage/s-021.jpg,"","","","","","",あめや呉服店,"","","","","","","","",http://statdb.nstac.go.jp/lod/sac/C18207
旧鯖江地方織物検査所（現代アートセンター）,"",観光,歴史・文化,観る,"","","","","","","","","",鯖江市旭町1-6-6,"",35.944607,136.186234,明治時代、繊維産業が盛んで繊維王国とも呼ばれた鯖江の名残を留める建造物です。洋風木造2階建てで、館内は当時の造りが残されています。当時、鯖江近辺で生産された織物は、ここに集められ検査を受け、合格されたものだけが出荷されました。現在は、さばえ現代アートセンターとして個展や展示会が随時開かれています。,"",0778-51-2200,"","","","","","",https://www.city.sabae.fukui.jp/xml/sabakan/simage/s-000.jpg,"","","","","","",現代アートセンター,"","","","","","","","",http://statdb.nstac.go.jp/lod/sac/C18207
ラポーゼかわだ,"",観光,レジャー,遊ぶ,"","","","","","","","","",鯖江市上河内町19-37-2,"",35.948047,136.3,全国でも珍しい、美人の湯と長寿の湯の混合泉「かわだ温泉」。ヨーロピアンスタイルの大浴場や露天風呂、ジャグジー風呂を楽しめます。宿泊以外にも、日帰り温泉としてもご利用いただけます。また、ラポーゼかわだには、バーベキューハウスや、パンやそば打ち、ハーブリース作りなど様々な体験講座が用意されています。空気のおいしい山里で、ゆっくり過ごしながら、いろいろな体験ができる滞在型アミューズメント施設です。,"",0778-65-0012,"",温泉／10：00〜22:00（最終受付21:30）,10:00:00,22:00:00,火曜日,"",https://www.city.sabae.fukui.jp/xml/sabakan/simage/t_playing_001.jpg,https://www.city.sabae.fukui.jp/xml/sabakan/simage/t_playing_041.jpg,"","",http://www.lapause.jp/index.htm,"","",ラポーゼかわだ,"","","","","","","","",http://statdb.nstac.go.jp/lod/sac/C18207
装飾ガラス　オータム,"",観光,体験,遊ぶ,"","","","","","","","","",鯖江市丸山町2-8-16,"",35.983258,136.183798,下絵をもとにガラスに透明色を使用した樹脂で世界で１つだけの素敵なガラスレター体験ができます。旅の思い出として、またいつまでも残るメモリアルガラスとして喜ばれています。修正が可能なのでお子様でも簡単に作ることができ、ご家族、カップル、グループでの体験が楽しめます。工房見学も無料でき、出張体験も可能です。,"",0778-52-1535,"",9:00 〜 20:00（見学・体験は19：00まで。2日前までに要予約）,09:00:00,20:00:00,不定休（出張体験があるため）,"",https://www.city.sabae.fukui.jp/xml/sabakan/simage/t_playing_005.jpg,"","","","","","",装飾ガラス　オータム,"","","","","","","","",http://statdb.nstac.go.jp/lod/sac/C18207
西山公園,"",観光,公園,遊ぶ,"","","","","","","","","",鯖江市桜町３丁目7−20,"",35.950627,136.182606,「日本の歴史公園１００選」認定のさばえのシンボル公園です。春には、約５万株のつつじが咲き乱れる日本海側随一のつつじの名所桜、つつじ、もみじ、雪吊り風景と四季を通じて多くの人で賑わいます。また、園内には、動物園、芝生広場、冒険の森、日本庭園などがあり、大人も子供も楽しめる楽しい憩いの公園です。鯖江市公園管理事務所　（TEL0778-51-1001）,"",0778-51-1001,"","","","","","",https://www.city.sabae.fukui.jp/xml/sabakan/simage/t_playing_021.jpg,"","","",https://www.city.sabae.fukui.jp/users/zoo/doubutu.html,"","",西山公園,"","","","","","","","",http://statdb.nstac.go.jp/lod/sac/C18207
大谷公園（実のなる公園）,"",観光,公園,遊ぶ,"","","","","","","","","",鯖江市吉江町,"",35.993169,136.176446,鯖江市の北側に位置するこの公園は、グミ、栗、柿、イチジク等、実のなる樹木が植えられ、四季折々に収穫の喜びを実感でき、「実のなる公園」として親しまれています。また、2つの貯水池があり、春には桜のピンク色と池の水色のコントラストがとてもきれいです。,"","","","","","","","",https://www.city.sabae.fukui.jp/xml/sabakan/simage/t_playing_022.jpg,"","","","","","",大谷公園,"","","","","","","","",http://statdb.nstac.go.jp/lod/sac/C18207
丸山公園,"",観光,公園,遊ぶ,"","","","","","","","","",鯖江市丸山町4丁目,"",35.983111,136.17919,市営のグラウンドが併設した市民の憩いの公園です。四季折々に目を楽しませてくれる樹が植えられ、アスレチックなどの遊具があったり、ゆっくりくつろげます。遠足シーズンには子供たちがたくさん訪れます。,"",0778-51-3176,"","","","","","",https://www.city.sabae.fukui.jp/xml/sabakan/simage/t_playing_023.jpg,"","","","","","",丸山公園,"","","","","","","","",http://statdb.nstac.go.jp/lod/sac/C18207
三六公園,"",観光,公園,遊ぶ,"","","","","","","","","",鯖江市三六町１丁目430,"",35.970869,136.180375,鯖江歩兵三十六連隊兵営の跡地にできた公園です。園内には、当時の様子が描かれた大きさ縦３ｍ×横６ｍ看板が設置されています。また、子供が遊べる遊具もあります。,"","","","","","","","",https://www.city.sabae.fukui.jp/xml/sabakan/simage/t_playing_024.jpg,"","","","","","",三六公園,"","","","","","","","",http://statdb.nstac.go.jp/lod/sac/C18207
日野川河川公園,"",観光,公園,遊ぶ,"","","","","","","","","",鯖江市有定町３丁目〜小黒町２・３丁目,"",35.948067,136.172934,鯖江の中央部を南北に流れる日野川の美しい景観を感じることのできる、憩いの公園です。春は桜や菜の花が咲き乱れ、冬はコハクチョウが飛来します。ここを会場に、４月中旬には「さばえ菜花まつり」が開催されます。,"","","","","","","","",https://www.city.sabae.fukui.jp/xml/sabakan/simage/t_playing_025.jpg,"","","","","","",日野川河川公園,"","","","","","","","",http://statdb.nstac.go.jp/lod/sac/C18207
弁財天山,"",観光,ハイキング,遊ぶ,"","","","","","","","","",鯖江市磯部町・落井町,"",35.955715,136.238949,「べさいでん」「べててん」の名で親しまれている標高１２０ｍの山。遊歩道が整備されており、お散歩気分で散策できます。山頂には忠霊塔の広場があります。,"","","","","","","","",https://www.city.sabae.fukui.jp/xml/sabakan/simage/t_playing_031.jpg,"","","","","","",弁財天山,"","","","","","","","",http://statdb.nstac.go.jp/lod/sac/C18207
三床山,"",観光,ハイキング,遊ぶ,"","","","","","","","","",鯖江市西大井町、和田町、石生谷町,"",35.947476,136.129267,鯖江市の西部にある標高約280ｍの山で御床山とも書きます。古くから要害の地で、山頂には延喜式神名帳にも記述のある佐々牟志神社が鎮座し山城跡も残っています。,"","","","","","","","",https://www.city.sabae.fukui.jp/xml/sabakan/simage/t_playing_032.jpg,"","","","","","",三床山,"","","","","","","","",http://statdb.nstac.go.jp/lod/sac/C18207
三峯山,"",観光,ハイキング,遊ぶ,"","","","","","","","","",鯖江市上戸口町,"",35.977249,136.270453,三峯山にあったとされる、三峯城は標高約４００ｍの山頂に南北朝戦乱で築かれました。金谷、西袋、上戸口方面から伸びた尾根が合流していることからこの名がきたと言われています。山頂からは一乗谷を望むことができます。また、三峯山にある大銀杏は、泰澄大師が植えたとされ、「乳授けの伝説」が伝わる樹齢数百年の大銀杏。５８豪雪により折れてしまったが、奇跡的に再生成長を続けています。,"","","","","","","","",https://www.city.sabae.fukui.jp/xml/sabakan/simage/t_playing_033.jpg,"","","","","","",三峯山,"","","","","","","","",http://statdb.nstac.go.jp/lod/sac/C18207
三里山,"",観光,ハイキング,遊ぶ,"","","","","","","","","",鯖江市下新庄町,"",35.937776,136.225458,鯖江市のどこからでも眺められ、四季を通じて春の新緑、秋の紅葉と様々な変化のある姿を見せてくれます。,"","","","","","","","",https://www.city.sabae.fukui.jp/xml/sabakan/simage/t_playing_034.jpg,"","","","","","",三里山,"","","","","","","","",http://statdb.nstac.go.jp/lod/sac/C18207
文殊山,"",観光,ハイキング,遊ぶ,"","","","","","","","","",鯖江市南井町、大正寺町,"",35.990083,136.223783,北部にある標高約360ｍの山で、山頂に安置されている文殊菩薩が山名の由来となっています。古来より信仰の対象となってきた霊山で、遊歩道も整備されています。,"","","","","","","","",https://www.city.sabae.fukui.jp/xml/sabakan/simage/t_playing_035.jpg,"","","","","","",文殊山,"","","","","","","","",http://statdb.nstac.go.jp/lod/sac/C18207
三六温泉　神明苑,"",観光,レジャー,遊ぶ,"","","","","","","","","",鯖江市神明町2-8-4,"",35.972545,136.183041,天然温泉「三六の湯」は、神経痛・疲労回復に効果あり。寛ぎの空間で、ゆったりリフレッシュしてみては。体育館やフィットネスルームも併設しており、テニスや各種トレーニングマシン、エアロビ・ヨガなどのプログラムも楽しめます。,"",0778-52-5165,"",7：00〜21：00　（退館 22：00）,07:00:00,21:00:00,水曜日,"",https://www.city.sabae.fukui.jp/xml/sabakan/simage/t_playing_040.jpg,"","","",https://shinmeien.net/spa,"","",三六温泉　神明苑,"","","","","","","","",http://statdb.nstac.go.jp/lod/sac/C18207
吉川サイクリングロード,"",観光,レジャー,遊ぶ,"","","","","","","","","",鯖江市吉川地区一帯,"",35.955941,136.16772,田園風景や日野川を渡る橋、駅舎跡などを自転車で駆け抜けます。橋の道面には鯖江をイメージするイラストが描かれているのも楽しい。,"","","","","","","","",https://www.city.sabae.fukui.jp/xml/sabakan/simage/t_playing_042.jpg,"","","","","","",吉川サイクリングロード,"","","","","","","","",http://statdb.nstac.go.jp/lod/sac/C18207
西番スポーツセンター,"",観光,レジャー,遊ぶ,"","","","","","","","","",鯖江市西番町15-27,"",35.991106,136.159481,県内ではめずらしく屋内テニスコートが4面あり、雨の日でもプレーすることができます。また、汗をかいた後は、クリーンセンターの余熱を利用したお風呂で疲れを癒してください。,"",0778-52-3866,"",9:00〜21：30,09:00:00,21:30:00,月曜日（祝日の場合は翌日）,"",https://www.city.sabae.fukui.jp/xml/sabakan/simage/t_playing_043.jpg,"","","","","","",西番スポーツセンター,"","","","","","","","",http://statdb.nstac.go.jp/lod/sac/C18207
GLASS GARDEN（グラスガーデン）,"",観光,めがね,買う,"","","","","","","","","",鯖江市神中町2丁目907-1,"",35.971303,136.192582,県内最大規模の５０００点以上の品揃えを誇る「グラスガーデン｣。お値打ちのフレームからハイブランド、有名人御用達のインポートコレクションまで幅広い品揃えです。また、ショップの他にもアンティークめがねのコレクション展示や地元特産品の販売、休憩スペースも併設されゆっくりくつろいで頂けます。,"",0778-52-7117,"",10：00〜19：00,10:00:00,19:00:00,木曜日,"",https://www.city.sabae.fukui.jp/xml/sabakan/simage/t_shopping_002.jpg,"","","",http://glassgarden.jp/,"","",GLASS GARDEN,"","","","","","","","",http://statdb.nstac.go.jp/lod/sac/C18207
GATHRED（ギャザード）,"",観光,めがね,買う,"","","","","","","","","",鯖江市吉江町413,"",35.984337,136.175371,㈱長井のアンテナショップです。ファッショナブルな店内には長井発のブランド「THE291」、「ネクステンス」や「ラプタム」、「ウォーヴォ」、「ネオカーボン」など、人気ブランドがずらりと並びます。 また、最高品質とデザインを実現した「CRETE」は“眼鏡フレームの聖地”鯖江のギャザードでしか買えません。,"",0778-52-7674,"",10：00〜18：00,10:00:00,18:00:00,日曜日,"",https://www.city.sabae.fukui.jp/xml/sabakan/simage/t_shopping_003.jpg,"","","",http://gathered.jp/,"","",GATHRED,"","","","","","","","",http://statdb.nstac.go.jp/lod/sac/C18207
田中眼鏡,"",観光,めがね,買う,"","","","","","","","","",鯖江市神明町1丁目2-8,"",35.969875,136.180878,オーダーメイドめがね製作に対応してくれるお店。様々な板の生地から気に入ったものを選んで、世界に一つだけの自分のめがねが作れます。フレームデザインは相談にのってもらえるので安心です。また取り扱う商品は、めがねの産地さばえでつちかった目利きのオーナーが、厳選をした品揃え。さばえだからこそ作れるキラリと光る眼鏡に出会えますよ。,"",0778-51-4742,"",10:00〜18:00,10:00:00,18:00:00,水曜日,"",https://www.city.sabae.fukui.jp/xml/sabakan/simage/t_shopping_004.jpg,"","","",http://tanakagannkyou.com,"","",田中眼鏡,"","","","","","","","",http://statdb.nstac.go.jp/lod/sac/C18207
田中眼鏡本舗　浪漫堂,"",観光,めがね,買う,"","","","","","","","","",鯖江市上河端町18-4-6,"",35.953291,136.195566,木・セルのフルオーダーや、サンプラチナ、ステンレスのセミ・オーダーメイドなど、いろいろな種類のオーダーメイドに対応してくれるお店。国産にこだわり、流行だけにとらわれることなく、長く使い続けられる品質やデザインのめがねが揃います。,"",0778-54-0044,"",11：00〜18：00,11:00:00,18:00:00,木曜日,"",https://www.city.sabae.fukui.jp/xml/sabakan/simage/t_shopping_005.jpg,"","","",http://thonposabae.blog24.fc2.com/,"","",田中眼鏡本舗　浪漫堂,"","","","","","","","",http://statdb.nstac.go.jp/lod/sac/C18207
竹めがね Rootｓ（ルーツ）,"",観光,漆器,買う,"","","","","","","","","",鯖江市新横江1-2-9,"",35.945843,136.185175,竹や銘木などの自然素材めがねフレーム専門店。鯖江でしか買えない京都産の銘竹や屋久杉、スネークウッドなど、世界の銘木を素材にした職人手づくりのめがねを販売しています。,"",0778-51-1661,"",9：00〜18：00,09:00:00,18:00:00,水曜日,"",https://www.city.sabae.fukui.jp/xml/sabakan/simage/t_shopping_006.jpg,"","","",http://www.roots-web.jp,"","",竹めがね Rootｓ,"","","","","","","","",http://statdb.nstac.go.jp/lod/sac/C18207
漆遊館,"",観光,漆器,買う,"","","","","","","","","",鯖江市中野町256-1,"",35.948611,136.220993,料亭・ホテル・レストラン向けの高級越前漆器から、祝儀用品、ギフト用品からふだん使いの用品まで幅広い品揃えで展示・販売しています。また、漆器工房の見学コーナーや体験工房もあります。,"",0778-52-3400,"",9：00〜17:30,09:00:00,17:30:00,年中無休,"",https://www.city.sabae.fukui.jp/xml/sabakan/simage/t_shopping_103.jpg,"","","",http://www.urushi.org/,"","",漆遊館,"","","","","","","","",http://statdb.nstac.go.jp/lod/sac/C18207
"Hacoaダイレクトストア 福井店



写真を表示
Hacoaダイレクトストア 福井店","",観光,漆器,買う,"","","","","","","","","",鯖江市西袋町503,"",35.954552,136.276594,ロブジェは(有)山口工芸が手がけるブランド「Hacoa(ハコア) 」のセレクトショップです。越前漆器の職人技が生み出した新しい作品は、木のぬくもりとOA製品がひとつになったり、何気ない日用品が木とのコラボにより思いがけない商品になったり、見るだけで楽しいお店です。ネットショップも充実の品揃えです。,"",0778-65-3303,"",11：00〜18：00,11:00:00,18:00:00,水曜日,"",https://www.city.sabae.fukui.jp/xml/sabakan/simage/t_shopping_104.jpg,"","","",https://hacoa.com/,"","",Hacoaダイレクトストア 福井店,"","","","","","","","",http://statdb.nstac.go.jp/lod/sac/C18207
ヤマト工芸,"",観光,漆器,買う,"","","","","","","","","",鯖江市莇生田町19-40,"",35.945448,136.275667,時計やリモコンラックやダストボックスなど、カラフルに並ぶ商品は、越前漆器の職人がひとつひとつ手づくりしたものです。素地づくりの技とデザイナーとのユニークなコラボレーション商品は、品定めも楽しい時間です。主に、ネット販売をしています。またオリジナルブランドの雑貨商品は、日本のリードメーカーとして世界にも輸出され、徐々に伸びています。,"",0778-65-1158,"",8:15〜17：15,08:15:00,17:15:00,土曜日、日曜日,"",https://www.city.sabae.fukui.jp/xml/sabakan/simage/t_shopping_105.jpg,"","","",http://yamatokougei.com/,"","",ヤマト工芸,"","","","","","","","",http://statdb.nstac.go.jp/lod/sac/C18207
高野漆額店,"",観光,漆器,買う,"","","","","","","","","",鯖江市片山町13-19,"",35.949335,136.273665,"「沈金」で描かれた漆のアート作品に出会える店。それぞれの作品が見事な技法で描かれています。""""本物の美″を感じにぜひ立ち寄ってください。さまざまなご要望に応じてくれますので、ご相談ください。","",0778-65-0655,"",9：00〜17：00,09:00:00,17:00:00,日曜日,"",https://www.city.sabae.fukui.jp/xml/sabakan/simage/t_shopping_106.jpg,"","","","","","",高野漆額店,"","","","","","","","",http://statdb.nstac.go.jp/lod/sac/C18207
漆器のお店　うるし工芸　藤,"",観光,漆器,買う,"","","","","","","","","",鯖江市定次町342-1,"",35.930848,136.190701,越前漆器の製造・直販店です。器だけでなく、漆家具やおしゃれなインテリアなど、常時８００点の商品がずらりと並んでします。また、オーダーメイドにも対応してくれるお店です。国道８号線・サンドーム福井東に直販ショップがあります。ハピライン鯖江駅からは車で５分です。,"",0778-53-0022,"",9:00〜18:00,09:00:00,18:00:00,"","",https://www.city.sabae.fukui.jp/xml/sabakan/simage/t_shopping_107.jpg,"","","",http://www.urushifuji.jp/,"","",漆器のお店　うるし工芸　藤,"","","","","","","","",http://statdb.nstac.go.jp/lod/sac/C18207
あたかや 漆器店,"",観光,漆器,買う,"","","","","","","","","",鯖江市西袋町43-11,"",35.952547,136.276431,漆器の魅力を現代の生活の中でもっと楽しんで欲しいと、。「和」や「伝統工芸」のすばらしい機能性や美しさだけにしばられる事なく、さらにそこから現代の生活にフィットできる要素をスポイルし、私たちの感性をフィルターに「温故知新」の理念を持って「現代の個性的な生活を演出するアイテム」 をコンセプトにデザインされています。,"",0778-65-2259,"",9:00〜18:00,09:00:00,18:00:00,土曜日、日曜日、祝日,"",https://www.city.sabae.fukui.jp/xml/sabakan/simage/t_shopping_108.jpg,"","","",http://www.atakaya.com/,"","",あたかや 漆器店,"","","","","","","","",http://statdb.nstac.go.jp/lod/sac/C18207
(株)沢田佐治兵衛漆器店,"",観光,漆器,買う,"","","","","","","","","",鯖江市河和田町17-8-1,"",35.95115,136.271091,鯖江市河和田町の地で、１３０年余り前に家主であった澤田佐治兵衛が漆器の製造販売を創めるようになりました。ホテル割烹旅館用の業務用漆器から、記念品、座卓、飾り棚などの美術漆器まで幅広く扱っております。汁椀・お箸・カップ・お盆などに、お名前や記念日メッセージなどの文字入れも承っております。,"",0778-65-0416,"",10:00〜17:00,10:00:00,17:00:00,"土曜日、日曜日,","",https://www.city.sabae.fukui.jp/xml/sabakan/simage/t_shopping_109.jpg,"","","","","","",(株)沢田佐治兵衛漆器店,"","","","","","","","",http://statdb.nstac.go.jp/lod/sac/C18207
大黒屋,"",観光,おみやげ銘菓,買う,食べる,"","","","","","","","",鯖江市本町２丁目1-13,"",35.946253,136.185523,江戸後期より上流階級の茶の湯等に用いられていた「菜花糖（さいかとう）」で知られる老舗。職人技の上生菓子やおみやげの銘菓などが揃っています。秋限定販売の「栗きんとん」や、黒糖を使用した「水ようかん」も、ぜひ一度味わいたい鯖江の銘菓です。,"",0778-51-0451,"",10:00〜19:00（平日）、9:00〜19:00（土）、9:00〜18:00（日・祝）,09:00:00,19:00:00,木曜日（祝日の場合は営業）、最終日曜日,"",https://www.city.sabae.fukui.jp/xml/sabakan/simage/t_shopping_201.jpg,"","","",https://www.saikatou.com/,"","",大黒屋,"","","","","","","","",http://statdb.nstac.go.jp/lod/sac/C18207
亀屋萬年堂,"",観光,おみやげ銘菓,買う,食べる,"","","","","","","","",鯖江市本町１丁目2-13,"",35.945123,136.185983,創業８０年の和洋菓子店。ここのワッフルは絶品。創業より味と製法を守り続ける素朴な味は、どこか懐かしくクセになるおいしさです。,"",0778-51-0230,"",8：30〜18：30,08:30:00,18:30:00,木曜日,"",https://www.city.sabae.fukui.jp/xml/sabakan/simage/t_shopping_202.jpg,"","","","","","",亀屋萬年堂,"","","","","","","","",http://statdb.nstac.go.jp/lod/sac/C18207
ベルジェ・ダルカディ弁慶堂,"",観光,おみやげ銘菓,買う,"","","","","","","","","",鯖江市柳町4丁目1-16,"",35.946581,136.190923,売り切れ必至の人気商品「朝焼きロールケーキ」は、しっとりもちもちとした生地に、甘さ控えめの上質な味わいのクリームに包まれ、いくらでも食べれてしまいそう。また、２種類のシュークリーム「弁慶のちからこぶ」と「弁慶のなきどころ」も人気商品です。そのほか、季節のフルーツを使ったケーキや和菓子もおいしい。,"",0778-51-0179,"",平日　9：00〜18：00／日・祝　9：00〜17：00,09:00:00,18:00:00,火曜日（祝日の場合は翌日）,"",https://www.city.sabae.fukui.jp/xml/sabakan/simage/t_shopping_203.jpg,"","","","","","",ベルジェ・ダルカディ弁慶堂,"","","","","","","","",http://statdb.nstac.go.jp/lod/sac/C18207
鯖江菓撰　栄進堂　本店,"",観光,おみやげ銘菓,買う,"","","","","","","","","",鯖江市本町２丁目3-3,"",35.945331,136.184235,季節ごとに趣向をこらしたスイーツを提供する地元の人気店。「ちかもんくん」、「越前めがね」、など鯖江土産のお菓子は、鯖江みやげにもおすすめ。また、濃厚なチーズの風味を楽しめる「チーズスティック」は、名誉総裁賞を受賞した商品です。その他にも、季節のフルーツを使ったケーキや、店長一押しのスプーンで食べる「純なまドーナツ」もあります。もっちりのスポンジの上に、柔らかいフルーツのムースがかかる新食感のデザートで、季節によって色んな味が楽しめます。,"",0778-51-0471,"",8：30〜18：30,08:30:00,18:30:00,不定休,"",https://www.city.sabae.fukui.jp/xml/sabakan/simage/t_shopping_204.jpg,"","","","","","",鯖江菓撰　栄進堂　本店,"","","","","","","","",http://statdb.nstac.go.jp/lod/sac/C18207
鯖江菓撰　栄進堂　丸山店　,"",観光,おみやげ銘菓,買う,"","","","","","","","","",鯖江市丸山1-107,"",35.978149,136.18146,季節ごとに趣向をこらしたスイーツを提供する地元の人気店。「ちかもんくん」、「越前めがね」、など鯖江土産のお菓子は、鯖江みやげにもおすすめ。また、濃厚なチーズの風味を楽しめる「チーズスティック」は、名誉総裁賞を受賞した商品です。その他にも、季節のフルーツを使ったケーキや、店長一押しのスプーンで食べる「純なまドーナツ」もあります。もっちりのスポンジの上に、柔らかいフルーツのムースがかかる新食感のデザートで、季節によって色んな味が楽しめます。,"",0778-52-0471,"",9：00〜18：30,09:00:00,18:30:00,不定休,"",https://www.city.sabae.fukui.jp/xml/sabakan/simage/t_shopping_204.jpg,"","","","","","",鯖江菓撰　栄進堂　丸山店　,"","","","","","","","",http://statdb.nstac.go.jp/lod/sac/C18207
福寿堂,"",観光,おみやげ銘菓,買う,"","","","","","","","","",鯖江市有定町1丁目10-22-1,"",35.946836,136.181119,西山公園近く、サバエ・シティーホテルの隣にある和洋菓子のお店。鯖江産のこだわりの卵を贅沢に使った「福寿堂こだわりの生ロールケーキ」やラムレーズンとバタークリームをココア生地でサンドした｢スクエア｣などが人気。また、西山動物園のレッサーパンダにちなんだ商品や、さばえのおみやげスイーツがいっぱい揃っています。,"",0778-51-0474,"",9：00〜18：00,09:00:00,18:00:00,水曜日、第三木曜日,"",https://www.city.sabae.fukui.jp/xml/sabakan/simage/t_shopping_205.jpg,"","","",https://fukujudo.info/,"","",福寿堂,"","","","","","","","",http://statdb.nstac.go.jp/lod/sac/C18207
うさぎや,"",観光,おみやげ銘菓,買う,"","","","","","","","","",鯖江市持明寺町5-10-1,"",35.963594,136.147629,材料はできるかぎり国内産を使用して、ひとつひとつ ていねいに、心をこめて手作りしています。看板商品は「もちパイ」。外はさくさく、中はもちもち、パイ生地とお餅とあんこが絶妙にマッチして美味しい。いろいろな味のあんのどら焼きも人気商品です。,"",0778-62-0861,"",9：00〜18：00,09:00:00,18:00:00,日曜日,"",https://www.city.sabae.fukui.jp/xml/sabakan/simage/t_shopping_206.jpg,"","","",https://e-usagiya.info/,"","",うさぎや,"","","","","","","","",http://statdb.nstac.go.jp/lod/sac/C18207
昭和堂,"",観光,おみやげ銘菓,買う,"","","","","","","","","",鯖江市本町１丁目1-21,"",35.944095,136.185992,創業７０年以上の歴史ある和菓子屋。ハピライン鯖江駅から徒歩５分。鯖江銘菓「間部もなか」や「五万石」などを取り扱っているので、おみやげ選びにお立ち寄りください。また、洋菓子も手掛け、「レアチーズケーキ」や「生ロールケーキ」は人気商品です。,"",0778-51-0458,"",9：00〜18：30（日・祝は18:00まで）,09:00:00,18:30:00,火曜日,"",https://www.city.sabae.fukui.jp/xml/sabakan/simage/t_shopping_207.jpg,"","","","","","",昭和堂,"","","","","","","","",http://statdb.nstac.go.jp/lod/sac/C18207
やまはつ,"",観光,おみやげ銘菓,買う,"","","","","","","","","",鯖江市北野町２丁目19-20,"",35.966828,136.180464,「おいしい幸せ、鯖江から・・・」を発信し続けるお菓子屋さん。地元で人気の「スフレロール」は、独自の製法で焼き上げたふわふわのスポンジと上品な甘さのクリームがマッチしていくらでも食べれそう。プレーン、抹茶、チョコの三種の味に加えて、春はにイチゴなど、季節限定の味が楽しめます。,"",0778-51-1162,"",9：00〜18：30（日曜日は18:00まで）,09:00:00,18:30:00,火曜日（祝日の場合は翌日）,"",https://www.city.sabae.fukui.jp/xml/sabakan/simage/t_shopping_208.jpg,"","","","","","",やまはつ,"","","","","","","","",http://statdb.nstac.go.jp/lod/sac/C18207
福音堂,"",観光,おみやげ銘菓,買う,食べる,"","","","","","","","",鯖江市河和田町19-1-9,"",35.951459,136.274049,うるしの里にある和菓子屋さん。産地ならではのお菓子「お椀もなか」やめがねの形をした「愛eyeもなか」を販売しているほか、地元のお米を使ったお菓子などもあります。うるしの里会館のすぐ近くにあるので、おみやげにぜひお立ち寄りください。,"",0778-65-0158,"",8：00〜18：00,08:00:00,18:00:00,月曜日,"",https://www.city.sabae.fukui.jp/xml/sabakan/simage/t_shopping_209.jpg,"","","","","","",福音堂,"","","","","","","","",http://statdb.nstac.go.jp/lod/sac/C18207
Little Deco,"",観光,おみやげ銘菓,買う,"","","","","","","","","",鯖江市宮前２丁目18-5,"",35.932194,136.187135,サンドーム福井近くにあるヨーロッパ調のすてきな外観のケーキやさん。店内には、生菓子から焼き菓子、デコレーションケーキなど、パティシエが心を込めて作ったお菓子が並びます。店内のカフェスペースで食べることもできます。,"",0778-51-7212,"",10：00〜18:30（日曜日は18:00まで）,10:00:00,18:30:00,月曜日、毎月第２火曜日,"",https://www.city.sabae.fukui.jp/xml/sabakan/simage/t_shopping_210.jpg,"","","","","","",Little Deco,"","","","","","","","",http://statdb.nstac.go.jp/lod/sac/C18207
けーきやYANAGIMOTO,"",観光,おみやげ銘菓,買う,食べる,"","","","","","","","",鯖江市住吉町３丁目1-30,"",35.943652,136.179707,ログハウス風の外観がとてもかわいい洋菓子専門店です。さらに店内には、かわいいお菓子がたくさん並び、まるでお菓子の国に訪れたようにワクワクする空間が広がります。お菓子の味はもちろん、ラッピングにもこだわっているそう。また、吹き抜けの２Fカフェスペースでは、スイーツを食べることもできます。,"",0778-52-8880,"",10：00〜19：00,10:00:00,19:00:00,不定休,"",https://www.city.sabae.fukui.jp/xml/sabakan/simage/t_shopping_212.jpg,"","","","","","",けーきやYANAGIMOTO,"","","","","","","","",http://statdb.nstac.go.jp/lod/sac/C18207
ペルシュ,"",観光,おみやげ銘菓,買う,"","","","","","","","","",鯖江市神中町２丁目407-2,"",35.972575,136.188416,鯖江で人気のケーキ屋さんです。常時店内にはケーキ、焼き菓子あわせて100アイテムほど並び、中でも季節のフルーツをたっぷり使った生ケーキが自慢です。　毎月、旬のフルーツを使ったケーキが　数種類でて楽しみ。店内の一角にある喫茶スペースでケーキを食べることもできます。,"",0778-54-4500,"",10：00〜18：30,10:00:00,18:30:00,月曜日（祝日の場合は翌日）,"",https://www.city.sabae.fukui.jp/xml/sabakan/simage/t_shopping_213.jpg,https://www.city.sabae.fukui.jp/xml/sabakan/simage/t_gourmet_006.jpg,"","",http://www.perruche.jp/,"","",ペルシュ,"","","","","","","","",http://statdb.nstac.go.jp/lod/sac/C18207
Sloeberry,"",観光,おみやげ銘菓,買う,"","","","","","","","","",鯖江市水落町２丁目28-25,"",35.963919,136.185895,フルーツ専門店プロデュースのスイーツ＆自然派カフェ。1階には、生ジュースコーナーがあり、地元農家から直接仕入れた新鮮な野菜果物を絞って野菜ソムリエおすすめの一品を味わえます。２階のカフェでは、体を考えた野菜たっぷりのベジタブルランチがお勧めです。こちらは、成人が一日に必要な野菜の量350gの半分の量が採れるように、季節の野菜を盛りだくさんに使ったプレートランチです。,"",0778-25-0141,"",10：00〜18：30 （17：00 L.O),10:00:00,18:30:00,水曜日,"",https://www.city.sabae.fukui.jp/xml/sabakan/simage/t_shopping_214.jpg,"","","","","","",Sloeberry,"","","","","","","","",http://statdb.nstac.go.jp/lod/sac/C18207
のだや餅店,"",観光,おみやげ銘菓,食べる,買う,"","","","","","","","",鯖江市本町４丁目3-22,"",35.949442,136.185459,鯖江の街なか商店街にある地元に愛されるお餅屋さん。注文を受けてから作ってくれる「あべかわ餅」は、やわらかなお餅にきなこと黒蜜がたっぷりかかっておすすめの絶品。また、店内は食堂になっており、食事もできます。,"",0778-51-0277,"",9：30〜18：00,09:30:00,18:00:00,火曜日,"",https://www.city.sabae.fukui.jp/xml/sabakan/simage/t_shopping_215.jpg,"","","","","","",のだや餅店,"","","","","","","","",http://statdb.nstac.go.jp/lod/sac/C18207
よしむらのおかき,"",観光,おみやげ銘菓,買う,"","","","","","","","","",福井県鯖江市北野町17−3−1,"",35.982892,136.180716,福井の代表的なおみやげのひとつです。地元の人たちにも人気の商品で、店内には数十種類のおかきがずらりと並んでいます。『得助さん　サラダ鬼っ子』は一番人気商品で、ほどよく効いた塩味がお米の味を引き立てます。,"",0778-51-1168,"",9：00〜17：00,09:00:00,17:00:00,年始,"",https://www.city.sabae.fukui.jp/xml/sabakan/simage/t_shopping_216.jpg,"","","",http://yoshimuraokaki.jp/,"","",よしむらのおかき,"","","","","","","","",http://statdb.nstac.go.jp/lod/sac/C18207
安価堂,"",観光,おみやげ銘菓,買う,食べる,"","","","","","","","",鯖江市神中1丁目2-15,"",35.968807,136.195615,昭和元年創業の歴史ある和菓子屋さん。旬の素材を使った四季折々のお菓子が自慢です。無添加のやさしい甘さの和菓子をどうぞ。西山公園のレッサーパンダが刻印された「パンダどらやき」大きな栗がまるごと一個入っていてボリュームたっぷり。小倉あん、柚子あん、栗入りの３種があります。,"",0778-51-1235,"",9:00〜19:00,09:00:00,19:00:00,月曜日（祝日の場合は営業）,"",https://www.city.sabae.fukui.jp/xml/sabakan/simage/t_shopping_217.jpg,"","","","","","",安価堂,"","","","","","","","",http://statdb.nstac.go.jp/lod/sac/C18207
久保田酒店,"",観光,その他,買う,"","","","","","","","","",鯖江市旭町1-1-4,"",35.943508,136.18776,ハピライン鯖江駅前すぐにある酒店です。鯖江の酒「梵」をはじめ、志を同じくする四件の蔵元のお酒を本醸造から純米大吟醸まで取り揃えています。また、越前焼の酒器やお酒アイス、お酒ケーキなど、お酒を楽しむための商品もたくさんあります。,"",0778-51-0252,"",9：00〜19:30,09:00:00,19:30:00,日曜日（連休の場合は最終日）,"",https://www.city.sabae.fukui.jp/xml/sabakan/simage/t_shopping_953.jpg,"","","",https://www.kubotasaketen.jp/,"","",久保田酒店,"","","","","","","","",http://statdb.nstac.go.jp/lod/sac/C18207
加藤吉平商店,"",観光,その他,買う,"","","","","","","","","",鯖江市吉江町1-11,"",35.986403,136.170193,創業万延元年。両替商・庄屋だった先祖が日本酒製造を始めて、現在１１代目となる老舗で、無添加の純米酒のみを造り続ける、鯖江が誇る酒蔵です。銘柄「梵」「日本の翼」は、日本国の重要な席をはじめ、政府専用機の正式機内酒となっていて、ＪＡＬ国際線・国内線ファーストクラスでは超ＶＩＰ用として採用されています。「梵」は、現在世界９０数ヶ国で正式商標登録されていて、そのうち３０数ヶ国以上に輸出されているなど、国内から世界中に日本の酒文化を発信し続けています。,"",0778-51-1507,"",9：00〜18：30,09:00:00,18:30:00,日曜日・祝日,"",https://www.city.sabae.fukui.jp/xml/sabakan/simage/t_shopping_954.jpg,"","","",http://www.born.co.jp/,"","",加藤吉平商店,"","","","","","","","",http://statdb.nstac.go.jp/lod/sac/C18207
鯖江菓子工房Yamahatsu（やまはつ）,"",観光,スイーツ,食べる,"","","","","","","","","",鯖江市北野町２丁目19-20,"",35.966828,136.180464,「おいしい幸せ、鯖江から・・・」を発信し続けるお菓子屋さん。地元で人気の「スフレロール」は、独自の製法で焼き上げたふわふわのスポンジと上品な甘さのクリームがマッチしていくらでも食べれそう。プレーン、抹茶、チョコの三種の味に加えて、春はにイチゴなど、季節限定の味が楽しめます。,"",0778-51-1162,"",9：00〜18:30（日曜18:00まで）,09:00:00,18:30:00,火曜日（祝日の場合は翌日）,"",https://www.city.sabae.fukui.jp/xml/sabakan/simage/t_gourmet_011.jpg,"","","",https://yamahatsu.style,"","",鯖江菓子工房Yamahatsu,"","","","","","","","",http://statdb.nstac.go.jp/lod/sac/C18207
スイーツ＆カフェ　Ｂｌａｎｃ（ぶらん）,"",観光,スイーツ,食べる,"","","","","","","","","",鯖江市丸山町2丁目7-13,"",35.98379,136.183565,浅水川沿いの住宅街に建つ、隠れ家風のカフェ。ここは同じ鯖江市内にある「鯖江菓子工房Yamahatsu」が2010年にオープンしたカフェ。Yamahatsuのスイーツはもちろん、カフェだけのデザートメニューも楽しめる。ゆったりとした空間で、贅沢の時間を過ごしてみては。,"",0778-42-8575,"",【ケーキ販売】　10：00〜19：30【カフェ】8：00〜19：30,10:00:00,19:30:00,火曜日（祝日の場合は営業）,"",https://www.city.sabae.fukui.jp/xml/sabakan/simage/t_gourmet_012.jpg,"","","","","","",スイーツ＆カフェ　Ｂｌａｎｃ,"","","","","","","","",http://statdb.nstac.go.jp/lod/sac/C18207
Little Deco(リトル・デコ）,"",観光,スイーツ,食べる,"","","","","","","","","",鯖江市宮前２丁目18-5,"",35.932194,136.187135,サンドーム福井近くにあるヨーロッパ調のすてきな外観のケーキやさん。店内には、生菓子から焼き菓子、デコレーションケーキなど、パティシエが心を込めて作ったお菓子が並びます。店内のカフェスペースで食べることもできます。,"",0778-51-7212,"",10：00〜18:30（日曜日は18:00まで）,10:00:00,18:30:00,月曜日、毎月第２火曜日,"",https://www.city.sabae.fukui.jp/xml/sabakan/simage/t_gourmet_014.jpg,"","","","","","",Little Deco,"","","","","","","","",http://statdb.nstac.go.jp/lod/sac/C18207
ヨーロッパン･キムラヤ,"",観光,パン,食べる,"","","","","","","","","",鯖江市旭町2-3-20,"",35.946183,136.187179,日本で１番堅いパン「軍隊堅麺麭（ぐんたいかたぱん）」大東亜戦争中当時、鯖江連帯の兵隊さんが当店で軍人用のパンを焼いていたものをそのまま復元！とても堅いのでかなづち等で割ってほおばってください。保存食にも最適です。ケーキショップのようにショーケースにパンが並び、スタッフとの会話を通した販売スタイルで、お客さんの好みにぴったり合ったパンを選んでくれたり、美味しい食べ方を教えてくれます。,"",0778-51-0502,"",9：30〜18：00,09:30:00,18:00:00,日・月,"",https://www.city.sabae.fukui.jp/xml/sabakan/simage/t_gourmet_135.jpg,"","","","","","",ヨーロッパン･キムラヤ,"","","","","","","","",http://statdb.nstac.go.jp/lod/sac/C18207
ベーカリーショップ上坂,"",観光,パン,食べる,"","","","","","","","","",鯖江市 屋形町3-3,"",35.943977,136.183156,鯖江で昔から愛されるパン屋さん。懐かしい美味しさに出会える。,"",0778-52-7864,"",7：30〜18:30,07:30:00,18:30:00,日・月,"",https://www.city.sabae.fukui.jp/xml/sabakan/simage/t_gourmet_203.jpg,"","","","","","",ベーカリーショップ上坂,"","","","","","","","",http://statdb.nstac.go.jp/lod/sac/C18207
ブーランジュリー　ル・パン,"",観光,パン,食べる,"","","","","","","","","",鯖江市丸山町2-7-1,"",35.983277,136.184966,真っ赤な屋根が一際目を引く、さばえの人気パン屋さん。,"",0778-52-5726,"",7：00〜19：00,07:00:00,19:00:00,日・月,"",https://www.city.sabae.fukui.jp/xml/sabakan/simage/t_gourmet_204.jpg,"","","","","","",ブーランジュリー　ル・パン,"","","","","","","","",http://statdb.nstac.go.jp/lod/sac/C18207
琥八（こはち）,"",観光,パン,食べる,"","","","","","","","","",鯖江市西山町613,"",35.9531239,136.1833754,安心でおいしいパンを届けたいと極力添加物を使用しない商品を提供しているパン屋さん。,"",0778-52-2390,"",9:30〜18:00（火〜金）8:30〜17:00（土）,08:30:00,18:00:00,日・月,"",https://www.city.sabae.fukui.jp/xml/sabakan/simage/t_gourmet_205.jpg,"","","",http://ameblo.jp/vitreous/,"","",琥八（こはち）,"","","","","","","","",http://statdb.nstac.go.jp/lod/sac/C18207
マツヤベーカリー,"",観光,パン,食べる,"","","","","","","","","",鯖江市丸山町１丁目３０５,"",35.979679,136.179187,お惣菜パンの種類が豊富で、どれもおいしいと人気です。マツヤベーカリージャムおじさんが出迎えてくれるよ。,"",0778-51-1433,"",7：30〜19:30（土曜日は19:00まで）,07:30:00,19:30:00,日曜日・祝日（祝日が土曜日の場合は営業）,"",https://www.city.sabae.fukui.jp/xml/sabakan/simage/t_gourmet_206.jpg,"","","","","","",マツヤベーカリー,"","","","","","","","",http://statdb.nstac.go.jp/lod/sac/C18207
お食事の店　味見屋,"",観光,和食,食べる,"","","","","","","","","",鯖江市本町2丁目2-19,"",35.946023,136.185214,鯖江の街なかにある100年以上続く老舗食堂。メニューのどれもが懐かしい味で、優しい味わいは母の味のようです。人気メニューは「カレーうどん」。おなかが空いたらぜひ立ち寄ってください。,"",0778-51-0449,"",10：30〜14:30、16:30〜20:00（LO.19:30）,10:30:00,20:00:00,木曜日,"",https://www.city.sabae.fukui.jp/xml/sabakan/simage/t_gourmet_301.jpg,"","","","","","",お食事の店　味見屋,"","","","","","","","",http://statdb.nstac.go.jp/lod/sac/C18207
ヨーロッパ軒　神明分店,"",観光,和食,食べる,"","","","","","","","","",鯖江市水落町1丁目12-21,"",35.962791,136.175934,越前カニ、越前そばに並ぶ福井の名物ソースカツ丼の老舗。創業は大正時代で、初代高畠増太郎氏がソースカツ丼を考案。やわらかジューシーなトンカツに、ウスターソースがベースの特製ソースそたっぷり絡めたご飯が食欲をそそります。福井県内に約20店舗展開し、各店独自のメニューがある。,"",0778-52-2582,"",11:00〜15:00、17:00〜20:00（木・日）、11:00〜15:00（月〜水）,11:00:00,20:00:00,火曜日,"",https://www.city.sabae.fukui.jp/xml/sabakan/simage/t_gourmet_302.jpg,"","","",https://yo-roppaken.gourmet.coocan.jp,"","",ヨーロッパ軒　神明分店,"","","","","","","","",http://statdb.nstac.go.jp/lod/sac/C18207
富士屋会館,"",観光,和食,食べる,"","","","","","","","","",鯖江市桜町２丁目２-２２,"",35.945368,136.180041,西山公園近くにあり、婚礼、宴会、法事など様々対応してくれます。,"",0778-51-4618,"",10：00〜20：00,10:00:00,20:00:00,火曜日 ,"",https://www.city.sabae.fukui.jp/xml/sabakan/simage/t_gourmet_303.jpg,"","","",https://www.fujiya.info,"","",富士屋会館,"","","","","","","","",http://statdb.nstac.go.jp/lod/sac/C18207
釜めし専門店　釜蔵,"",観光,和食,食べる,"","","","","","","","","",鯖江市柳町4-521,"",35.947856,136.193048,福井県産コシヒカリと日本海の旬な素材を活かした釜めしの専門店。注文を受けてから炊き上げるので、ご飯はふっくら炊きたてを味わえます。釜めしならではのおこげも香ばしくて美味しいです。,"",0778-52-2846,"","11:00〜14:00、17:00〜21:00（LO.20:30）（月〜金）
11:00〜15:00、17:00〜21:00（LO.20:30）（土・日・祝）",11:00:00,21:00:00,木曜日,"",https://www.city.sabae.fukui.jp/xml/sabakan/simage/t_gourmet_304.jpg,"","","",http://www.kamameshi.net/,"","",釜めし専門店　釜蔵,"","","","","","","","",http://statdb.nstac.go.jp/lod/sac/C18207
わらび　鯖江店,"",観光,居酒屋料亭,食べる,"","","","","","","","","",鯖江市小黒町1-5-16,"",35.951044,136.176349,旬の魚と旨い酒が味わえる居酒屋。新鮮なお刺身や、海鮮料理な豊富なメニューを揃えています。,"",050-5494-6724,"",17：00〜00:00（日〜木）、17:00〜1:00（金・土）,17:00:00,01:00:00,月曜日,"",https://www.city.sabae.fukui.jp/xml/sabakan/simage/t_gourmet_401.jpg,"","","",http://warabi-group.com/warabi/,"","",わらび　鯖江店,"","","","","","","","",http://statdb.nstac.go.jp/lod/sac/C18207
當田屋,"",観光,居酒屋料亭,食べる,"","","","","","","","","",鯖江市本町1-4-10,"",35.945179,136.184444,鯖江のまちなかにある老舗料亭。元気の良い若女将が迎えてくれます。旬の食材を使った料理はもちろん、器にもこだわった趣あるお店です。,"",0778-51-2877,"",11：00〜22:00,11:00:00,22:00:00,第１・３日曜日,"",https://www.city.sabae.fukui.jp/xml/sabakan/simage/t_gourmet_402.jpg,"","","",https://toudeya.jp,"","",當田屋,"","","","","","","","",http://statdb.nstac.go.jp/lod/sac/C18207
やきとりの名門　秋吉　鯖江店,"",観光,居酒屋料亭,食べる,"","","","","","","","","",鯖江市横江2-302,"",35.94276,136.193016,福井県は、実は焼き鳥消費量全国No1。それを支えるのが、全国に約120店を展開する秋吉で、福井には約30店舗ある。毎日一本一本手作りされる串を、じっくり炭火焼にして秘伝のタレを絡めた焼き鳥は、一般的なものよりは少し小ぶりで一人前は5本から。お店に入れば、男性なら「社長！」、女性なら「お嬢さん！」と威勢のいい掛け声が出迎えてくれる。持ち帰りも出来る。,"",0778-51-7000,"",17：00〜22:00（月〜土）、16:30〜21:30（日・祝）,17:00:00,22:00:00,火曜日,"",https://www.city.sabae.fukui.jp/xml/sabakan/simage/g-244.gif,"","","",https://www.akiyoshi.co.jp/m/shop/shop_details/fukui/sabae.html,"","",やきとりの名門　秋吉　鯖江店,"","","","","","","","",http://statdb.nstac.go.jp/lod/sac/C18207
やきとりの名門　秋吉　神明店,"",観光,居酒屋料亭,食べる,"","","","","","","","","",鯖江市三六町１丁目13-8,"",35.969939,136.175935,福井県は、実は焼き鳥消費量全国No1。それを支えるのが、全国に約120店を展開する秋吉で、福井には約30店舗ある。毎日一本一本手作りされる串を、じっくり炭火焼にして秘伝のタレを絡めた焼き鳥は、一般的なものよりは少し小ぶりで一人前は5本から。お店に入れば、男性なら「社長！」、女性なら「お嬢さん！」と威勢のいい掛け声が出迎えてくれる。持ち帰りも出来る。,"",0778-52-2580,"",17:00〜22:00（平日）、17:00〜22:30（金）、16:30〜22:30（土）、16:00〜21:30（日・祝）,17:00:00,22:30:00,水曜日,"",https://www.city.sabae.fukui.jp/xml/sabakan/simage/g-244.gif,"","","",https://www.akiyoshi.co.jp/m/shop/shop_details/fukui/shinmei.html,"","",やきとりの名門　秋吉　神明店,"","","","","","","","",http://statdb.nstac.go.jp/lod/sac/C18207
当り矢,"",観光,居酒屋料亭,食べる,"","","","","","","","","",鯖江市三六町2丁目1-3,"",35.972354,136.180158,幅広いメニューを揃えている居酒屋さん。もともと食堂だったので、定食メニューも豊富。ランチの日替わり定食は、ボリュームたっぷりでお得なセットでおすすめです。,"",0778-51-1160,"",17:30〜23:00,11:00:00,23:00:00,火曜日,"",https://www.city.sabae.fukui.jp/xml/sabakan/simage/t_gourmet_406.jpg,"","","","","","",当り矢,"","","","","","","","",http://statdb.nstac.go.jp/lod/sac/C18207
渕上食堂,"",観光,居酒屋料亭,食べる,"","","","","","","","","",鯖江市新横江2丁目5-2,"",35.941575,136.198386,住宅街のなかにある隠れ家的なお店で、焼肉から、居酒屋料理、新鮮な刺身など豊富なメニューを取り揃えている。,"",050-5869-7978,"","11:00〜13:30、17:00〜00:00（LO.23:00）（月〜金）
17:00〜00:00（LO.23:00）（土・日）",17:00:00,00:00:00,火曜日（祝前日の場合は営業）,"",https://www.city.sabae.fukui.jp/xml/sabakan/simage/t_gourmet_407.jpg,"","","","","","",渕上食堂,"","","","","","","","",http://statdb.nstac.go.jp/lod/sac/C18207
かんきち,"",観光,居酒屋料亭,食べる,"","","","","","","","","",鯖江市三六町1-14-6,"",35.971177,136.176399,水産会社直営ならではの新鮮なお寿司と居酒屋メニューが人気のお店。質のいい活魚や刺身、寿司などの海の幸やステーキ、おろしそばなどたっぷり欲張りなプランもある。,"",0778-51-2210,"",11:30〜13:30、17:30〜22:00（金・土・祝前日は22:30）,11:30:00,22:30:00,火曜日,"",https://www.city.sabae.fukui.jp/xml/sabakan/simage/t_gourmet_408.jpg,"","","",https://www.kankichi.info/kankichi/shop,"","",かんきち,"","","","","","","","",http://statdb.nstac.go.jp/lod/sac/C18207
割烹よしのり,"",観光,居酒屋料亭,食べる,"","","","","","","","","",鯖江市丸山町１丁目3-13,"",35.980542,136.179754,四季折々の美味しい食材をふんだんに使った料理を楽しめるお店。会席料理なども対応してくれるので、冠婚葬祭や会合など様々な用途にあわせてご利用いただけます。,"",0778-51-8232,"",11：00〜13:30、17：00〜21：30,11:00:00,21:30:00,水・木（毎月2回ずつお休み）,"",https://www.city.sabae.fukui.jp/xml/sabakan/simage/t_gourmet_409.jpg,"","","",https://www.kappo-yosinori.com,"","",割烹よしのり,"","","","","","","","",http://statdb.nstac.go.jp/lod/sac/C18207
豚ちんかん,"",観光,居酒屋料亭,食べる,"","","","","","","","","",鯖江市三六町1-14-7,"",35.970872,136.176053,美味しい豚料理を低価格で食べられるお店。しゃぶしゃぶや串揚げ、石焼きなど、様々な食べ方で旨い豚肉を味わえる。,"",0778-52-0630,"",18:00〜23:00（日〜木・祝）18:00〜24:00（金・土・祝前日）,18:00:00,00:00:00,火曜日,"",https://www.city.sabae.fukui.jp/xml/sabakan/simage/t_gourmet_410.jpg,"","","","","","",豚ちんかん,"","","","","","","","",http://statdb.nstac.go.jp/lod/sac/C18207
藤の家,"",観光,居酒屋料亭,食べる,"","","","","","","","","",鯖江市旭町2丁目2-4,"",35.945165,136.18726,さばえのまちなかの石畳通りにたたずむ趣ある老舗料亭。明るい女将さんがあたたかく迎えてくれます。店内は個室と大広間の予約制で、ゆったりと四季折々のこだわりの料理をお楽しみいただけます。,"",0778-51-0331,"",要予約,"","",不定休,"",https://www.city.sabae.fukui.jp/xml/sabakan/simage/t_gourmet_412.jpg,"","","","","","",藤の家,"","","","","","","","",http://statdb.nstac.go.jp/lod/sac/C18207
料亭　中松,"",観光,居酒屋料亭,食べる,"","","","","","","","","",鯖江市旭町１丁目５-３,"",35.944464,136.187231,かつての花街の面影を感じる、閑静な石畳小路に佇む料亭。四季折々の食材を、季節感、客の好み、会の趣向等によってアレンジしてくれる。落ち着いた個室でゆったりと、意匠をこらした美味料理を味わってみては。,"",0778-51-0403,"",11：30〜22：00,11:30:00,22:00:00,第1、3日曜日（予約があれば営業）,"",https://www.city.sabae.fukui.jp/xml/sabakan/simage/t_gourmet_414.jpg,"","","",http://www.nakamatu.com,"","",料亭　中松,"","","","","","","","",http://statdb.nstac.go.jp/lod/sac/C18207
ほおずき,"",観光,寿司,食べる,"","","","","","","","","",鯖江市東鯖江1-4-21,"",35.945302,136.196227,市場で仕入れる鮮度のいい北陸の魚と、こうのとりの飛んでくる白山で作られるお米が自慢。おいしいシャリのお寿司は是非味わって頂きたい逸品です。また、焼き鳥や唐揚げなど居酒屋メニューも揃っています。お店のブログでは、仕入れた食材やおいしそうなものが紹介されていて要チェックです。,"",0778-51-6160,"",16:00〜22:30（LO.22:00）（月〜土）16:00〜22:00（日）,16:00:00,22:30:00,火曜日,"",https://www.city.sabae.fukui.jp/xml/sabakan/simage/t_gourmet_415.jpg,"","","","","","",ほおずき,"","","","","","","","",http://statdb.nstac.go.jp/lod/sac/C18207
勇寿し,"",観光,寿司,食べる,"","","","","","","","","",鯖江市日の出町５−２４,"",35.943324,136.186364,越前漁港で直に見極めて仕入れた新鮮な魚を味わえるお店。コメは福井県の契約農家から直接購入している。なんとお店のホームページで、おすすめのネタを毎日更新しているので、行く前に確認することができる。価格も良心的でリピーターのお客さんも多いとか。,"",0778-51-0452,"",17:30〜22:00（最終入店21:00LO.21:30）昼は前日までのご予約のみの営業,17:30:00,22:00:00,月曜日,"",https://www.city.sabae.fukui.jp/xml/sabakan/simage/t_gourmet_417.jpg,"","","",https://www.osushi.jp,"","",勇寿し,"","","","","","","","",http://statdb.nstac.go.jp/lod/sac/C18207
すし処　よかろ,"",観光,寿司,食べる,"","","","","","","","","",鯖江市有定3丁目2-9,"",35.948192,136.176533,鯖江で長年愛される魚屋直営の回転寿司。自慢の「中トロ」をはじめ、「マグロの目玉の煮付け」など稀少なネタも食べられる。和室もあるので、宴会にも対応してくれる。,"",0778-53-0460,"","11:00〜14:30（LO.14:15）17:00〜22:00（LO.21:30）（月〜金）
11:00〜15:00（LO.14:45）16:00〜22:00（LO.21:30）（土・日・祝）",11:00:00,22:00:00,木曜日,"",https://www.city.sabae.fukui.jp/xml/sabakan/simage/t_gourmet_418.jpg,"","","","","","",すし処　よかろ,"","","","","","","","",http://statdb.nstac.go.jp/lod/sac/C18207
海鮮アトム　鯖江店,"",観光,寿司,食べる,"","","","","","","","","",鯖江市柳町4-714　,"",35.948919,136.193352,福井で長年愛される回転寿司、海鮮アトム。産地や漁法まで吟味して魚を選ぶ。特に地元の味にはこだわりを持っており、厳選された食材を味わうことができる。毎日ネタによって変わるオススメメニューは要チェックです。,"",0778-54-0345,"",11:00〜22:00,11:00:00,22:00:00,年中無休,"",https://www.city.sabae.fukui.jp/xml/sabakan/simage/t_gourmet_419.jpg,"","","",http://www.atom-corp.co.jp/brand/brand.php?brand_no=76,"","",海鮮アトム　鯖江店,"","","","","","","","",http://statdb.nstac.go.jp/lod/sac/C18207
そば処　二男坊,"",観光,そば,食べる,"","","","","","","","","",鯖江市吉江町512,"",35.984794,136.174415,石臼で挽いた福井県産のそばを提供するお店。そば以外のメニューやセットも豊富です。,"",0778-51-4015,"",11：00〜20：00,11:00:00,20:00:00,火曜(祝日の場合営業）,"",https://www.city.sabae.fukui.jp/xml/sabakan/simage/t_gourmet_421.jpg,"","","","","","",そば処　二男坊,"","","","","","","","",http://statdb.nstac.go.jp/lod/sac/C18207
漆里庵,"",観光,そば,食べる,"","","","","","","","","",鯖江市片山町7-1-1,"",35.951391,136.274227,そば職人には珍しい女性そば職人が腕をふるう創業25年のお店。女性職人ならではの、硬くてコシがあるだけでなくソフトな歯ざわりのよい蕎麦が味わえます。福井名物のおろし蕎麦や、女性に人気の納豆そば、玉子カツ丼もシンプルに美味しいと人気です。,"",0778-65-0314,"",11：00〜19：00,11:00:00,19:00:00,月曜日,"",https://www.city.sabae.fukui.jp/xml/sabakan/simage/t_gourmet_422.jpg,"","","",http://shiturian.web.fc2.com/,"","",漆里庵,"","","","","","","","",http://statdb.nstac.go.jp/lod/sac/C18207
蕎麦　旨酒　亀蔵,"",観光,そば,食べる,"","","","","","","","","",鯖江市東鯖江1-1-3 MM6ﾋﾞﾙ1F,"",35.943449,136.19441,福井県産のそば粉を丁寧に手打ちした十割そばと、地酒や焼酎などの旨い酒や、酒に合わせた豊富な一品メニューを楽しめるお店。こだわりのかきあげは、小エビと貝柱ふんだんに入れてボリュームたっぷりの厚み。木の香りが漂う居心地のいい店内は、カウンター席、テーブル席、座敷があります。,"",0778-42-8199,"",11：00〜15:00、18：00〜21：30（夜営業は土・日・祝のみ）,11:00:00,21:30:00,火曜日,"",https://www.city.sabae.fukui.jp/xml/sabakan/simage/t_gourmet_423.jpg,"","","",https://www.soba-kamezou.jp/shop,"","",蕎麦　旨酒　亀蔵,"","","","","","","","",http://statdb.nstac.go.jp/lod/sac/C18207
おはぐろ　そば処・惣平,"",観光,そば,食べる,"","","","","","","","","",鯖江市吉江町18-31-4,"",35.984362,136.171805,鯖江産の蕎麦の実を自作の石臼で挽いたあらびきの蕎麦。昔懐かしいあらびきの家蕎麦を味わえます。福井伝統のおろし蕎麦をぜひ味わってみてください。,"",0778-52-0896,"",11：30〜14：00、17：00〜20：00,11:30:00,20:00:00,日曜日,"",https://www.city.sabae.fukui.jp/xml/sabakan/simage/t_gourmet_424.jpg,"","","","","","",おはぐろ　そば処・惣平,"","","","","","","","",http://statdb.nstac.go.jp/lod/sac/C18207
聴琴亭,"",観光,そば,食べる,"","","","","","","","","",鯖江市下新庄町63-44,"",35.933136,136.212371,おすすめは、聴琴そば。竹筒の器に３種の冷そば（おろしそば・山かけそば・ざるそば）と温そば（あんかけうどん）、お刺身がセットになっています。豪華なお膳で、大名気分が味わえますよ。,"",0778-52-7514,"",11:00〜14:00,11:00:00,14:00:00,火曜日,"",https://www.city.sabae.fukui.jp/xml/sabakan/simage/t_gourmet_037.jpg,"","","",http://www.choukintei.jp/,"","",聴琴亭,"","","","","","","","",http://statdb.nstac.go.jp/lod/sac/C18207
タベルナ・ソリッゾ,"",観光,洋食,食べる,"","","","","","","","","",鯖江市有定町3丁目2-28,"",35.947767,136.176912,こだわりのパスタが自慢のイタリアン。料理を越前漆器で出してもらうこともでき、地元の人にも人気があります。おしゃれで居心地のいいお店です。,"",0778-51-9703,"",ランチ11：30〜14：00/ディナー17：30〜21：00,11:30:00,21:00:00,火曜日,"",https://www.city.sabae.fukui.jp/xml/sabakan/simage/t_gourmet_501.jpg,"","","","","","",タベルナ・ソリッゾ,"","","","","","","","",http://statdb.nstac.go.jp/lod/sac/C18207
メゾン･ド・レトワール,"",観光,洋食,食べる,"","","","","","","","","",鯖江市桜町2丁目6-12,"",35.947349,136.181288,世界料理オリンピック銅メダルのカリスマシェフが総料理長が作る、ネット通販で16万個以上を完売したという大評判の「マンゴーの王様プリン」や焼き菓子などのスイーツが有名でお土産におすすめです！,"",0778-52-1102,"",9:30〜18:00（月〜土）9:30〜17:00（日・祝）,09:30:00,18:00:00,年中無休,"",https://www.city.sabae.fukui.jp/xml/sabakan/simage/t_gourmet_505.jpg,"","","","","","",メゾン･ド・レトワール,"","","","","","","","",http://statdb.nstac.go.jp/lod/sac/C18207
ガッタ・ネーラ,"",観光,洋食,食べる,"","","","","","","","","",鯖江市幸町2丁目505−2,"",35.977685,136.181342,落ち着いた雰囲気で食事が楽しめる本格的イタリアン。ボリュームたっぷりでお得なランチセットが人気です。,"",0778-53-1151,"",11:00〜14:00、 18:00〜21:00,11:00:00,21:00:00,月曜日,"",https://www.city.sabae.fukui.jp/xml/sabakan/simage/t_gourmet_507.jpg,"","","","","","",ガッタ・ネーラ,"","","","","","","","",http://statdb.nstac.go.jp/lod/sac/C18207
８番らーめん　鯖江東店,"",観光,中華ラーメン,食べる,"","","","","","","","","",鯖江市東鯖江1-112,"",35.957872,136.176009,昭和42年国道8号線沿いの田んぼの真ん中に、掘っ立て小屋同然の粗末な店構えのラーメン店から始まったという８番ラーメン。今では北陸地方を中心に、関西圏、そして海外でも展開し、約250店の店舗数を誇る。福井人にとっては、小さい頃から食べ親しんだとっても馴染み深い味。8番印のなるとがトレードマーク。,"",0778-51-9688,"",11:00〜23:00（LO.22:45）,11:00:00,23:00:00,年中無休,"",https://www.city.sabae.fukui.jp/xml/sabakan/simage/t_gourmet_509.jpg,"","","",https://www.hachiban.jp/shop/fukui/,"","",８番らーめん　鯖江東店,"","","","","","","","",http://statdb.nstac.go.jp/lod/sac/C18207
８番らーめん鯖江店,"",観光,中華ラーメン,食べる,"","","","","","","","","",鯖江市北野町11-10,"",35.944599,136.194598,昭和42年国道8号線沿いの田んぼの真ん中に、掘っ立て小屋同然の粗末な店構えのラーメン店から始まったという８番ラーメン。今では北陸地方を中心に、関西圏、そして海外でも展開し、約250店の店舗数を誇る。福井人にとっては、小さい頃から食べ親しんだとっても馴染み深い味。8番印のなるとがトレードマーク。,"",0778-52-8252,"",11:00〜23:00（LO.22:45）,11:00:00,23:00:00,年中無休,"",https://www.city.sabae.fukui.jp/xml/sabakan/simage/t_gourmet_509.jpg,"","","",https://www.hachiban.jp/shop/fukui/,"","",８番らーめん鯖江店,"","","","","","","","",http://statdb.nstac.go.jp/lod/sac/C18207
８番らーめん　神明店,"",観光,中華ラーメン,食べる,"","","","","","","","","",鯖江市幸町2-5-23,"",35.977691,136.18159,昭和42年国道8号線沿いの田んぼの真ん中に、掘っ立て小屋同然の粗末な店構えのラーメン店から始まったという８番ラーメン。今では北陸地方を中心に、関西圏、そして海外でも展開し、約250店の店舗数を誇る。福井人にとっては、小さい頃から食べ親しんだとっても馴染み深い味。8番印のなるとがトレードマーク。,"",0778-53-0588,"",11:00〜22:00（LO.21:30）,11:00:00,22:00:00,年中無休,"",https://www.city.sabae.fukui.jp/xml/sabakan/simage/t_gourmet_509.jpg,"","","",https://www.hachiban.jp/shop/fukui/,"","",８番らーめん　神明店,"","","","","","","","",http://statdb.nstac.go.jp/lod/sac/C18207
九龍飯店,"",観光,中華ラーメン,食べる,"","","","","","","","","",鯖江市有定町2-4-28-2,"",35.944604,136.176268,本格中華が味わえるお店。エビチリ、麻婆豆腐などの定番メニューから、北京ダック、フカヒレ、アワビなど高級中華まで堪能できます。お得なランチセットや、点心メニューも豊富で、少量ずついろんな点心を試したい方は点心おまかせセットがおすすめです。,"",0778-51-4090,"",ランチ 11:45〜14:00（火〜金）11:30〜14:00（土・日・祝）ディナー 17:00〜22:00,"","",月曜日（祝日の場合は営業）,"",https://www.city.sabae.fukui.jp/xml/sabakan/simage/t_gourmet_511.jpg,"","","",https://kyuryuhanten.foodre.jp,"","",九龍飯店,"","","","","","","","",http://statdb.nstac.go.jp/lod/sac/C18207
御園飯店,"",観光,中華ラーメン,食べる,"","","","","","","","","",鯖江市水落町8-6,"",35.960607,136.175107,本格的な中華料理をリーズナブルに味わえるお店。豊富なメニューがうれしい。個室もあります。人気の若鶏の唐揚げは、骨付きで旨みたっぷりジューシー。揚げたては最高と人気です。,"",0778-51-6539,"",11:00〜15:00、17:00〜21:00 ,"","",月曜日のディナータイム、火曜日,"",https://www.city.sabae.fukui.jp/xml/sabakan/simage/t_gourmet_512.jpg,"","","",https://misonohanten.com,"","",御園飯店,"","","","","","","","",http://statdb.nstac.go.jp/lod/sac/C18207
三六商店,"",観光,軽食Ｂ級グルメ,食べる,"","","","","","","","","",鯖江市三六町1丁目６−７,"",35.971781,136.179788,鯖江の住宅街にあるテイクアウトフード専門店。看板メニューの「三六サラダ焼き」（1個100円）はロースハム、カイワレ、マヨネーズがたっぷりはいってボリューム満点。,"",0778-54-0690,"",11：00〜16：00,11:00:00,16:00:00,年中無休,"",https://www.city.sabae.fukui.jp/xml/sabakan/simage/t_gourmet_513.jpg,"","","",https://www.sanrokusyoten-316.co.jp,"","",三六商店,"","","","","","","","",http://statdb.nstac.go.jp/lod/sac/C18207
ミート＆デリカささき,"",観光,軽食Ｂ級グルメ,食べる,"","","","","","","","","",鯖江市本町3丁目1-5,"",35.946505,136.18556,地元で人気の「サバエドッグ」は、まちなか商店街のお肉屋さんから生まれたB級グルメです。肉巻きおにぎりをフライにしてソースをたっぷりつけたもので、いわゆる“歩きながら食べれるソースかつ丼”。福井産コシヒカリを国産豚肉で巻き、サクサクに揚げて特製ソースにつけてあります。,"",0778-52-4129,"",9：00〜19：00,09:00:00,19:00:00,日曜日,"",https://www.city.sabae.fukui.jp/xml/sabakan/simage/t_gourmet_514.jpg,"","","",https://www.meat-sasaki.com,"","",ミート＆デリカささき,"","","","","","","","",http://statdb.nstac.go.jp/lod/sac/C18207
たんぽぽ,"",観光,喫茶軽食,食べる,"","","","","","","","","",鯖江市西袋町３９-１-１,"",35.946266,136.185155,越前漆器で出される薬膳カレーが名物。,"",0778-65-3777,"",10:30〜22:00,10:30:00,22:00:00,火曜日,"",https://www.city.sabae.fukui.jp/xml/sabakan/simage/t_gourmet_516.jpg,"","","","","","",たんぽぽ,"","","","","","","","",http://statdb.nstac.go.jp/lod/sac/C18207
ここるcafe&lunch,"",観光,喫茶軽食,食べる,"","","","","","","","","",鯖江市桜町2丁目7-1　嚮陽会館１階南側,"",35.947607,136.179108,地産地消をモットーにした体にやさしいごはんを提供するお店。日替わりヘルシーランチは、日替わりのワンデイ・シェフ（お当番さん）が、地元の新鮮な食材を使い、心をこめてお届けしています。,"",0778-54-0553,"",10:00〜17:00（LO.16:30）（うち、ランチは11:30〜14:00）,10:00:00,17:00:00,毎週火曜日(祝日の火曜日は営業＆翌水曜日がお休み),"",https://www.city.sabae.fukui.jp/xml/sabakan/simage/t_gourmet_517.jpg,"","","",https://cocoru2.sakura.ne.jp/cafelunchcocoru/,"","",ここるcafe&lunch,"","","","","","","","",http://statdb.nstac.go.jp/lod/sac/C18207
椀椀（わんわん）,"",観光,喫茶軽食,食べる,"","","","","","","","","",鯖江市西袋町40-1-2（うるしの里会館内）,"",35.953294,136.274085,うるしの里会館内にある喫茶コーナーです。料理の器はもちろんのこと、テーブルまで地元の越前漆器を使用しています。地元のおばちゃんたちが運営しているため、営業は土日のみですが、地場産の食材を使用した体に優しいお料理を提供しています。おすすめは「グリーンカレー」。まろやかなココナッツ風味とピリッとした辛さが絶妙の味。他にも、手づくりのスィーツや地元のお清水を使用したコーヒーなどもおいしい。,"",0778-65-3456,"",9：30〜16：30,09:30:00,16:30:00,火曜日,"",https://www.city.sabae.fukui.jp/xml/sabakan/simage/t_gourmet_519.jpg,"","","","","","",椀椀,"","","","","","","","",http://statdb.nstac.go.jp/lod/sac/C18207
ベルベール,"",観光,喫茶軽食,食べる,"","","","","","","","","",鯖江市小黒町1-5-3,"",35.95023,136.17679,天窓からの太陽と南国の植物いっぱいのLOHASなカフェ。植物に囲まれお茶や食事ができ癒されます。ドリンク&フードメニューは豊富でなんと200種類以上。ふわとろ卵のオムライスや、ジューシーなハンバーグ、季節のフルーツをふんだんに使った気まぐれフルーツパフェなど気になるメニューがいっぱいです。,"",0778-52-3888,"",9:30〜22:00（ラストオーダー21:30）,09:30:00,22:00:00,火曜日（祝日の場合は水曜日）,"",https://www.city.sabae.fukui.jp/xml/sabakan/simage/t_gourmet_520.jpg,"","","",http://www.bellver.jp/index.html,"","",ベルベール,"","","","","","","","",http://statdb.nstac.go.jp/lod/sac/C18207
ケーキ工房 さゆぼん,"",観光,喫茶軽食,食べる,"","","","","","","","","",鯖江市杉本町34-7,"",35.981807,136.172098,木のぬくもりあるナチュラルな雰囲気のカフェ。ランチメニューも充実しています,"",0778-52-8739,"",7:30〜18:00,07:30:00,18:00:00,日曜日,"",https://www.city.sabae.fukui.jp/xml/sabakan/simage/t_gourmet_521.jpg,"","","","","","",ケーキ工房 さゆぼん,"","","","","","","","",http://statdb.nstac.go.jp/lod/sac/C18207
エルザスコーヒー,"",観光,喫茶軽食,食べる,"","","","","","","","","",鯖江市本町2丁目1-26,"",35.945287,136.185912,自家焙煎珈琲と欧風焼き菓子のカフェ。若いご夫婦で営む、こじんまりと暖かみのある店内には、自家焙煎のコーヒー豆。 ウイーン菓子・ドイツ菓子・フランス菓子などの欧風焼き菓子やパンがずらり。,"",0778-51-0655,"",10:00〜18:30（土日祝10:00〜18:00）,10:00:00,18:30:00,水曜日,"",https://www.city.sabae.fukui.jp/xml/sabakan/simage/t_gourmet_522.jpg,"","","",http://kaffee-elsass.com/,"","",エルザスコーヒー,"","","","","","","","",http://statdb.nstac.go.jp/lod/sac/C18207
めだか,"",観光,喫茶軽食,食べる,"","","","","","","","","",鯖江市桜町1丁目5-9,"",35.946696,136.181983,地元学生や西鯖江駅ご利用のお客さんのお腹を満たしてくれるお店です。店内にはアニメのワンピースグッズが数多くかざられており、お客様に喜ばれています。また、気さくなご主人とアイディア満載の女将さんとの会話がとても楽しいよ。女将さんのアイディアいっぱいの豊富なメニューもうれしい。,"",0778-51-8881,"",11：00〜19：30,11:00:00,19:30:00,火曜日,"",https://www.city.sabae.fukui.jp/xml/sabakan/simage/g-420.JPG,"","","","","","",めだか,"","","","","","","","",http://statdb.nstac.go.jp/lod/sac/C18207
鉄板焼　にしやま亭,"",観光,焼肉鉄板焼き,食べる,"","","","","","","","","",鯖江市長泉寺1-9-15,"",35.952709,136.183777,コーヒーとお菓子を楽しむためのカウンター席で、ドイツのパン屋さんでの修行経験があるご主人と会話を楽しみながらコーヒーはいかがですか？,"",0778-51-0304,"",AM11:30〜PM2:30 ／ PM:5:30〜PM10:00,11:30:00,22:00:00,毎週月曜日・火曜日（祝日の場合は翌日）,"",https://www.city.sabae.fukui.jp/xml/sabakan/simage/t_gourmet_601.jpg,"","","",http://www.nishiyama-tei.jp/,"","",鉄板焼　にしやま亭,"","","","","","","","",http://statdb.nstac.go.jp/lod/sac/C18207
獏の棲む森,"",観光,焼肉鉄板焼き,食べる,"","","","","","","","","",鯖江市東鯖江 1-2-16,"",35.945537,136.194956,和牛ステーキやしゃぶしゃぶ、お好み焼など豊富なメニューを揃えている。また、緑に囲まれた中庭では本格炭火バーベキューも楽しめます。予算や要望に合わせて、旬の食材を用意してくれるバーベキュープランもあるので安心。,"",0778-51-7556,"",AM 11：30〜PM 2：00、　PM 5：00〜PM 10：00（Ｌ．Ｏ）,11:30:00,22:00:00,月曜日（ただし、予約があれば営業）,"",https://www.city.sabae.fukui.jp/xml/sabakan/simage/t_gourmet_603.jpg,"","","",http://baku-mori.com/,"","",獏の棲む森,"","","","","","","","",http://statdb.nstac.go.jp/lod/sac/C18207
お好み焼　このみ,"",観光,お好み焼き,食べる,"","","","","","","","","",鯖江市桜町２丁目８-１９,"",35.947061,136.179406,40年以上愛される鯖江ではお馴染みのお好み焼きやさん。昭和の雰囲気が漂うレトロな店内は、昔からの常連さんで賑わう。テーブル席には、鉄板の横にたこ焼き用鉄板も付いていて、自分でつくるのも楽しい。,"",0778-52-0806,"",17:30〜21:30（金 土 17:30〜22:00）,17:30:00,21:30:00,月曜日火曜日,"",https://www.city.sabae.fukui.jp/xml/sabakan/simage/t_gourmet_604.jpg,"","","",http://www.kuchikomimap.com/10049/,"","",お好み焼　このみ,"","","","","","","","",http://statdb.nstac.go.jp/lod/sac/C18207
お好み焼セレネ,"",観光,お好み焼き,食べる,"","","","","","","","","",鯖江市日の出町1-18,"",35.943124,136.187919,お好み焼、焼きそばはもちろん、鉄板焼きやもんじゃ焼きなど、幅広いメニューを揃えています。お好み焼等のテイクアウトもできますよ。,"",0778-52-2878,"",11：30〜20：30（月 12:00〜20:30）,11:30:00,20:30:00,日曜日,"",https://www.city.sabae.fukui.jp/xml/sabakan/simage/t_gourmet_605.jpg,"","","","","","",お好み焼セレネ,"","","","","","","","",http://statdb.nstac.go.jp/lod/sac/C18207
TRUMP（トランプ）,"",観光,お好み焼き,食べる,"","","","","","","","","",鯖江市水落町１−１３−１８　キリンビル,"",35.960646,136.175835,個室はすべて牢獄風！洒落た雰囲気のお店。20種類以上あるお好み焼・鉄板焼きメニューをはじめ、おつまみになる一品料理も豊富です。お酒も100種類以上揃えているので、ゆっくりとお酒を楽しみたいときにもおすすめです。,"",0778-52-7781,"",17：30〜翌1：00,17:30:00,01:00:00,火曜日,"",https://www.city.sabae.fukui.jp/xml/sabakan/simage/t_gourmet_606.jpg,"","","",http://sabaetrump.wixsite.com/trump,"","",TRUMP,"","","","","","","","",http://statdb.nstac.go.jp/lod/sac/C18207
ちせん,"",観光,お好み焼き,食べる,"","","","","","","","","",鯖江市つつじヶ丘町1-2,"",35.988319,136.184274,さばえで長年愛されるお好み焼きのお店。ボリュームたっぷりのふわふわお好み焼きが美味しいと人気です。,"",0778-51-1150,"",11：30〜22:30,11:30:00,22:30:00,月曜日（祝日の場合は火曜日）,"",https://www.city.sabae.fukui.jp/xml/sabakan/simage/t_gourmet_607.jpg,"","","","","","",ちせん,"","","","","","","","",http://statdb.nstac.go.jp/lod/sac/C18207
きらめきロード中河,"",百景,水辺,観る,"","","",春,中野町、浅水川堤防沿い,"","","","","","",35.95254,136.207561,鯖江市の東部を流れる浅水川の堤防沿いの通り。桜並木と地域の人々が植えた水仙が美しい花を咲かせます。4月上旬〜中旬の頃が特に美しい景観となります。,"","","","","","","","",https://www.city.sabae.fukui.jp/ls/imagelarge/No1.jpg,"","",https://www.city.sabae.fukui.jp/ls/image/No1.jpg,"","","","","","","","","","","","",http://statdb.nstac.go.jp/lod/sac/C18207
三床山,"",百景,里山農村,観る,"","","",春,石生谷町ほか,"","","","","","",35.947476,136.129267,鯖江市の西部にある標高280mの山で御床山とも書きます。古くから要塞の地で、山頂二は延喜式神名帳にも記述のある佐々牟志神社が鎮座し山城跡も残っています。,"","","","","","","","",https://www.city.sabae.fukui.jp/ls/imagelarge/No2.jpg,"","",https://www.city.sabae.fukui.jp/ls/image/No2.jpg,"","","","","","","","","","","","",http://statdb.nstac.go.jp/lod/sac/C18207
日野川と河川公園,"",百景,水辺,観る,"","","",春,有定町ほか,"","","","","","",35.948067,136.172934,豊かに流れる水、自然に優しい緑、整備された憩いの河川公園です。冬はコハクチョウが飛来します。鯖江の中央部を南北に流れる日野川の景観です。,"","","","","","","","",https://www.city.sabae.fukui.jp/ls/imagelarge/No3.jpg,"","",https://www.city.sabae.fukui.jp/ls/image/No3.jpg,"","","","","","","","","","","","",http://statdb.nstac.go.jp/lod/sac/C18207
中河地区の田園風景,"",百景,里山農村,観る,"","","",夏,三里山からみた中河地区,"","","","","","",35.957308,136.216149,三里山と橋立山、鞍谷川に囲まれた、中野町、舟枝町、橋立町の景観は、一団の農地としては鯖江市で一番広く、初夏には、稲の緑と大麦の金色の対比が鮮やかです。,"","","","","","","","",https://www.city.sabae.fukui.jp/ls/imagelarge/No4.jpg,"","",https://www.city.sabae.fukui.jp/ls/image/No4.jpg,"","","","","","","","","","","","",http://statdb.nstac.go.jp/lod/sac/C18207
王山古墳と散策路,"",百景,歴史文化,観る,"","","",秋,舟津町,"","","","","","",35.939546,136.18517,「王山」は標高62mの山で、弥生時代から古墳時代の古墳49基が散在しています。1700年という歴史と自然林が独特の景観と静寂を醸し出しています。国指定史跡,"","","","","","","","",https://www.city.sabae.fukui.jp/ls/imagelarge/No5.jpg,"","",https://www.city.sabae.fukui.jp/ls/image/No5.jpg,"","","","","","","","","","","","",http://statdb.nstac.go.jp/lod/sac/C18207
三峯の大銀杏,"",百景,歴史文化,観る,"","","",秋,上戸口町,"","","","","","",35.977249,136.270453,泰澄大師が植えたとされ、「乳授けの伝説」が伝わる樹齢数百年の大銀杏。56豪雪により折れたが、奇跡的に再生成長を続けています。,"","","","","","","","",https://www.city.sabae.fukui.jp/ls/imagelarge/No6.jpg,"","",https://www.city.sabae.fukui.jp/ls/image/No6.jpg,"","","","","","","","","","","","",http://statdb.nstac.go.jp/lod/sac/C18207
戸口滝（刀那の滝）,"",百景,水辺,観る,"","","",春,上戸口町,"","","","","","",35.9716331662,136.2645435333,戸口滝は、まぼろしの村三峯をめざす道の途中にあります。大正14年の滝開き以来、たくさんの村人に安らぎを与えたであろう、高さ7m、幅4mの名滝です。,"","","","","","","","",https://www.city.sabae.fukui.jp/ls/imagelarge/No7.jpg,"","",https://www.city.sabae.fukui.jp/ls/image/No7.jpg,"","","","","","","","","","","","",http://statdb.nstac.go.jp/lod/sac/C18207
文殊山,"",百景,里山農村,観る,"","","",夏,南井町、大正寺町,"","","","","","",35.990083,136.223783,北部にある標高約360mの山で、山頂に安置されている文殊菩薩が山名の由来となっています。古来より信仰の対象となってきた霊山で、遊歩道も整備されています。,"","","","","","","","",https://www.city.sabae.fukui.jp/ls/imagelarge/No8.jpg,"","",https://www.city.sabae.fukui.jp/ls/image/No8.jpg,"","","","","","","","","","","","",http://statdb.nstac.go.jp/lod/sac/C18207
嶺北忠霊場,"",百景,歴史文化,観る,"","","",春,水落１丁目　嶺北忠霊場,"","","","","","",35.95879,136.181297,閑静で自然豊かな景観は、市民の心を癒す空間として優れています。新緑の頃は素晴らしく、早朝には散策者でにぎわいます。桜の名所としても人気があります。,"","","","","","","","",https://www.city.sabae.fukui.jp/ls/imagelarge/No9.jpg,"","",https://www.city.sabae.fukui.jp/ls/image/No9.jpg,"","","","","","","","","","","","",http://statdb.nstac.go.jp/lod/sac/C18207
舟津神社,"",百景,歴史文化,観る,"","","",春,舟津町　舟津神社,"","","","","","",35.938675,136.186221,延喜式神名帳に「舟津神社」と記述のある古社で、古来より北陸鎮護の社として敬われてきました。文政元年の建築とされる本殿と赤鳥居は福井県指定文化財,"","","","","","","","",https://www.city.sabae.fukui.jp/ls/imagelarge/No10.jpg,"","",https://www.city.sabae.fukui.jp/ls/image/No10.jpg,"","","","","","","","","","","","",http://statdb.nstac.go.jp/lod/sac/C18207
本山誠照寺,"",百景,歴史文化,観る,"","","",夏,本町　本山誠照寺,"","","","","","",35.946979,136.184354,鎌倉時代に寺域を定めたと伝えられている、真宗誠照寺派の本山。江戸時代中期建築の四足門は、越前の近世寺社建築を代表するもので四足門と鐘楼は市の指定文化財。,"","","","","","","","",https://www.city.sabae.fukui.jp/ls/imagelarge/No11.jpg,"","",https://www.city.sabae.fukui.jp/ls/image/No11.jpg,"","","","","","","","","","","","",http://statdb.nstac.go.jp/lod/sac/C18207
旧瓜生家住宅と烏ヶ森社叢,"",百景,歴史文化,観る,"","","",春,神明町,"","","","","","",35.971034,136.182531,神明社の社叢である烏ヶ森の一角にある茅葺民家「旧瓜生家住宅」は江戸時代前期の建築で、国重要文化財に指定されています。歴史を感じる静かな場所です。,"","","","","","","","",https://www.city.sabae.fukui.jp/ls/imagelarge/No12.jpg,"","",https://www.city.sabae.fukui.jp/ls/image/No12.jpg,"","","","","","","","","","","","",http://statdb.nstac.go.jp/lod/sac/C18207
下新庄町の劔神社,"",百景,歴史文化,観る,"","","",夏,下新庄町　劔神社,"","","","","","",35.936486,136.212657,境内入り口には2つの鳥居、奥には庭園が設置されています。この石畳の参道は150m以上もの奥行きがあります。境内は手入れが行き届き、静寂で荘厳な雰囲気です。,"","","","","","","","",https://www.city.sabae.fukui.jp/ls/imagelarge/No13.jpg,"","",https://www.city.sabae.fukui.jp/ls/image/No13.jpg,"","","","","","","","","","","","",http://statdb.nstac.go.jp/lod/sac/C18207
河和田町漆器神社参道,"",百景,歴史文化,観る,"","","",夏,河和田町　漆器神社参道,"","","","","","",35.951721,136.269906,高台にある神社へ向かう参道から眺める景観は、伝統工芸の街らしさを醸し出しており、都市化が著しい昨今にとっては価値のある日本のふるさと的景観です。,"","","","","","","","",https://www.city.sabae.fukui.jp/ls/imagelarge/No14.jpg,"","",https://www.city.sabae.fukui.jp/ls/image/No14.jpg,"","","","","","","","","","","","",http://statdb.nstac.go.jp/lod/sac/C18207
吉江町の七曲り,"",百景,歴史文化,観る,"","","",夏,吉江町,"","","","","","",35.986749,136.172156,吉江町界隈は、江戸時代前期の「吉江藩」の面影を今に伝えています。旧家の古風な塀垣が当時を偲ばせ、近松門左衛門も幼少期をここで過ごしたといわれています。,"","","","","","","","",https://www.city.sabae.fukui.jp/ls/imagelarge/No15.jpg,"","",https://www.city.sabae.fukui.jp/ls/image/No15.jpg,"","","","","","","","","","","","",http://statdb.nstac.go.jp/lod/sac/C18207
西山公園,"",百景,まち,観る,"","","",春,桜町ほか,"","","","","","",35.950627,136.182606,約5万株が咲き乱れる日本海側随一のつつじの名勝。毎年５月上旬には「つつじまつり」が行われ、多くの人で賑わいます。,"","","","","","","","",https://www.city.sabae.fukui.jp/ls/imagelarge/No16.jpg,"","",https://www.city.sabae.fukui.jp/ls/image/No16.jpg,"","","","","","","","","","","","",http://statdb.nstac.go.jp/lod/sac/C18207
うるしの里通り,"",百景,まち,観る,"","","",夏,川島町ほか,"","","","","","",35.949307,136.235456,鯖江から河和田にまっすぐ延びる「うるしの里通り」は、田んぼや山々の風景が心を和ませてくれます。街路樹のハナミズキは秋に紅葉し、うるし街道と呼びたくなる美しさです。,"","","","","","","","",https://www.city.sabae.fukui.jp/ls/imagelarge/No17.jpg,"","",https://www.city.sabae.fukui.jp/ls/image/No17.jpg,"","","","","","","","","","","","",http://statdb.nstac.go.jp/lod/sac/C18207
福井高専進入路,"",百景,まち,観る,"","","",夏,下司町,"","","","","","",35.938067,136.169699,道路に沿って高くそびえるポプラ並木の景観が大変素晴らしく、学校の通学路、また散策路として市民に親しまれています。,"","","","","","","","",https://www.city.sabae.fukui.jp/ls/imagelarge/No18.jpg,"","",https://www.city.sabae.fukui.jp/ls/image/No18.jpg,"","","","","","","","","","","","",http://statdb.nstac.go.jp/lod/sac/C18207
旧鯖浦線と駅舎跡,"",百景,まち,観る,"","","",春,平井町,"","","","","","",35.963106,136.146154,鯖浦線は、鯖江と越前海岸の四ヶ浦を結ぶことを計画して名づけられました。昭和48年に廃線となり、現在は自転車および歩行者用道路として通学路になっています。,"","","","","","","","",https://www.city.sabae.fukui.jp/ls/imagelarge/No19.jpg,"","",https://www.city.sabae.fukui.jp/ls/image/No19.jpg,"","","","","","","","","","","","",http://statdb.nstac.go.jp/lod/sac/C18207
嚮陽会館周辺,"",百景,まち,観る,"","","",秋,桜町ほか,"","","","","","",35.947526,136.180143,嚮陽会館は西山公園の一角にあり、緑をふんだんに取り入れ、ゆったりとした雰囲気です。公園と道路の歩道は一体的に整備され、広い歩行空間が提供されています。,"","","","","","","","",https://www.city.sabae.fukui.jp/ls/imagelarge/No20.jpg,"","",https://www.city.sabae.fukui.jp/ls/image/No20.jpg,"","","","","","","","","","","","",http://statdb.nstac.go.jp/lod/sac/C18207
元三大師と福鉄鉄橋,"",百景,歴史文化,観る,"","","",春,長泉寺町２丁目,"","","","","","",35.95569,136.185583,福井鉄道福武線の市道に架かる鉄道橋で、大正13年ごろの建築です。無骨な橋脚と元三大師が開いた「すりばちやいと」のお寺、中道院の杉の大木が絶妙のコントラストです。、,"","","","","","","","",https://www.city.sabae.fukui.jp/ls/imagelarge/No21.jpg,"","",https://www.city.sabae.fukui.jp/ls/image/No21.jpg,"","","","","","","","","","","","",http://statdb.nstac.go.jp/lod/sac/C18207
サンドーム福井,"",百景,まち,観る,"","","",秋,舟津町〜越前市瓜生町,"","","","","","",35.930579,136.185744,ハピラインふくい線の車窓から、また北陸自動車道から見えるサンドーム福井は鯖江の名物風景であり、鯖江のランドマークとなっています。,"","","","","","","","",https://www.city.sabae.fukui.jp/ls/imagelarge/No22.jpg,"","",https://www.city.sabae.fukui.jp/ls/image/No22.jpg,"","","","","","","","","","","","",http://statdb.nstac.go.jp/lod/sac/C18207
進徳小学校ポケットパーク,"",百景,まち,観る,"","","",春,長泉寺町２丁目,"","","","","","",35.954743,136.184467,ポプラと芝生広場のコントラストが四季を通じて素晴らしく、車で通る人々にほっとする安らぎを感じさせる景観です。,"","","","","","","","",https://www.city.sabae.fukui.jp/ls/imagelarge/No23.jpg,"","",https://www.city.sabae.fukui.jp/ls/image/No23.jpg,"","","","","","","","","","","","",http://statdb.nstac.go.jp/lod/sac/C18207
めがね会館,"",百景,まつり活動,観る,"","","",春,新横江２丁目,"","","","","","",35.942758,136.198844,めがねフレームの国内製造シェア約95％を誇る産地の中心鯖江のめがねフレームのシンボル的拠点施設であり、鯖江の高建築物のランドマークです。,"","","","","","","","",https://www.city.sabae.fukui.jp/ls/imagelarge/No24.jpg,"","",https://www.city.sabae.fukui.jp/ls/image/No24.jpg,"","","","","","","","","","","","",http://statdb.nstac.go.jp/lod/sac/C18207
ラポーゼかわだ,"",百景,まち,観る,"","","",春,上河内町,"","","","","","",35.948047,136.3,周辺の田園や山々の風景と、建物のデザインがマッチした近代的な施設です。,"","","","","","","","",https://www.city.sabae.fukui.jp/ls/imagelarge/No25.jpg,"","",https://www.city.sabae.fukui.jp/ls/image/No25.jpg,"","","","","","","","","","","","",http://statdb.nstac.go.jp/lod/sac/C18207
駅東線の街路樹,"",百景,まち,観る,"","","",夏,新横江１丁目ほか,"","","","","","",35.943357,136.19033,鯖江市柳町付近のケヤキ並木、そして鯖江市文化センター横の銀杏で、特に三里山を正面に10月下旬の紅葉した銀杏並木と夕焼けに映えた景観はとてもいいです。,"","","","","","","","",https://www.city.sabae.fukui.jp/ls/imagelarge/No26.jpg,"","",https://www.city.sabae.fukui.jp/ls/image/No26.jpg,"","","","","","","","","","","","",http://statdb.nstac.go.jp/lod/sac/C18207
文化の館および前広場,"",百景,まち,観る,"","","",春,水落２丁目,"","","","","","",35.962021,136.186703,鯖江市文化の館は、図書館でもあり、文化を披露できる施設です。また、北側の広場の散策でき、施設が周辺の景観とマッチしています。,"","","","","","","","",https://www.city.sabae.fukui.jp/ls/imagelarge/No27.jpg,"","",https://www.city.sabae.fukui.jp/ls/image/No27.jpg,"","","","","","","","","","","","",http://statdb.nstac.go.jp/lod/sac/C18207
青葉、吉谷町周辺桜並木,"",百景,まち,観る,"","","",春,吉谷町,"","","","","","",35.969914,136.212754,鯖江市青葉、吉谷町地係の街路樹で、春は、桜が咲き、桜並木のトンネルはとてもきれいです。,"","","","","","","","",https://www.city.sabae.fukui.jp/ls/imagelarge/No28.jpg,"","",https://www.city.sabae.fukui.jp/ls/image/No28.jpg,"","","","","","","","","","","","",http://statdb.nstac.go.jp/lod/sac/C18207
中野大橋,"",百景,水辺,観る,"","","",春,中野町（出口）,"","","","","","",35.94975,136.207368,鯖江ICから鯖江市河和田地区に向かううるしの里通りの途中、浅水川に架かる唯一の木造欄干の橋です。特に夜は、「きらめきロード中河」の桜並木とあんどんがマッチしてとてもきれいです。,"","","","","","","","",https://www.city.sabae.fukui.jp/ls/imagelarge/No29.jpg,"","",https://www.city.sabae.fukui.jp/ls/image/No29.jpg,"","","","","","","","","","","","",http://statdb.nstac.go.jp/lod/sac/C18207
御幸団地県道グリーンベルト,"",百景,まち,観る,"","","",夏,御幸町２丁目ほか,"","","","","","",35.975749,136.190953,鯖江市御幸町地係で、国道8号線に出るまでの県道（文殊近松通り）と住宅地をさえぎるかのように、約100ｍそびえたっており、いつまでも残してほしい眺めです。,"","","","","","","","",https://www.city.sabae.fukui.jp/ls/imagelarge/No30.jpg,"","",https://www.city.sabae.fukui.jp/ls/image/No30.jpg,"","","","","","","","","","","","",http://statdb.nstac.go.jp/lod/sac/C18207
近藤醤油店,"",百景,歴史文化,観る,"","","",夏,水落町３丁目,"","","","","","",35.967001,136.183044,鯖江市水落町3丁目地係であるこの付近は、旧北国街道の風情が感じられる建物が多く残されています。その中でもこの建物は特に趣が感じられます。,"","","","","","","","",https://www.city.sabae.fukui.jp/ls/imagelarge/No31.jpg,"","",https://www.city.sabae.fukui.jp/ls/image/No31.jpg,"","","","","","","","","","","","",http://statdb.nstac.go.jp/lod/sac/C18207
弁天橋,"",百景,水辺,観る,"","","",春,吉江町,"","","","","","",35.989184,136.171272,鯖江市北部を東西に流れる浅水川の改修により架け替えられた橋で、朱色の高欄が美しい。また、近松門左衛門が住んでいたことをモチーフに高欄が造られています。,"","","","","","","","",https://www.city.sabae.fukui.jp/ls/imagelarge/No32.jpg,"","",https://www.city.sabae.fukui.jp/ls/image/No32.jpg,"","","","","","","","","","","","",http://statdb.nstac.go.jp/lod/sac/C18207
カンナ街道,"",百景,里山農村,観る,"","","",夏,冬島町,"","","","","","",35.954917,136.152263,鯖江市吉川地区の中心で、冬島町諭手川沿いに約300ｍにわたりカンナが植えられており、田園の中で7月頃から初冬までの花は見事であり、心が和みます。,"","","","","","","","",https://www.city.sabae.fukui.jp/ls/imagelarge/No33.jpg,"","",https://www.city.sabae.fukui.jp/ls/image/No33.jpg,"","","","","","","","","","","","",http://statdb.nstac.go.jp/lod/sac/C18207
王山前鯖江高校通学路桜並木,"",百景,まち,観る,"","","",春,舟津町２丁目ほか,"","","","","","",35.939014,136.18387,毎年4月にみられる、福井県立鯖江高校から王山古墳公園へと続く桜のトンネルはとても見事で、また、散り行くときの桜吹雪もなんとも感慨深いものがあります。,"","","","","","","","",https://www.city.sabae.fukui.jp/ls/imagelarge/No34.jpg,"","",https://www.city.sabae.fukui.jp/ls/image/No34.jpg,"","","","","","","","","","","","",http://statdb.nstac.go.jp/lod/sac/C18207
三里山,"",百景,里山農村,観る,"","","",春,中野町ほか,"","","","","","",35.937776,136.225458,鯖江市内どこからでも眺められ、四季を通じて春の新緑、秋の紅葉と様々な変化のある姿を見せてくれます。,"","","","","","","","",https://www.city.sabae.fukui.jp/ls/imagelarge/No35.jpg,"","",https://www.city.sabae.fukui.jp/ls/image/No35.jpg,"","","","","","","","","","","","",http://statdb.nstac.go.jp/lod/sac/C18207
大谷公園の溜池,"",百景,水辺,観る,"","","",春,吉江町,"","","","","","",35.997274,136.177157,2つの貯水池があり、その池に挟まれた部分の桜の木も立派になり、春になると池の水の色と桜の花のピンクがとてもきれいです。,"","","","","","","","",https://www.city.sabae.fukui.jp/ls/imagelarge/No36.jpg,"","",https://www.city.sabae.fukui.jp/ls/image/No36.jpg,"","","","","","","","","","","","",http://statdb.nstac.go.jp/lod/sac/C18207
カネボウ東側桜並木,"",百景,まち,観る,"","","",春,上河端町,"","","","","","",35.959802,136.193304,工場敷地進入路の桜並木で春の満開の時は、とてもきれいであり、ハピラインふくい線の車窓からはまた一段ときれいにみられます。,"","","","","","","","",https://www.city.sabae.fukui.jp/ls/imagelarge/No37.jpg,"","",https://www.city.sabae.fukui.jp/ls/image/No37.jpg,"","","","","","","","","","","","",http://statdb.nstac.go.jp/lod/sac/C18207
立待忠霊場周辺,"",百景,歴史文化,観る,"","","",夏,糺町,"","","","","","",35.979205,136.1757,素朴で質素な忠霊場であり、南接する自然林的北部第3公園とあわせ閑静で隠れた名所で心が和むところです。,"","","","","","","","",https://www.city.sabae.fukui.jp/ls/imagelarge/No38.jpg,"","",https://www.city.sabae.fukui.jp/ls/image/No38.jpg,"","","","","","","","","","","","",http://statdb.nstac.go.jp/lod/sac/C18207
横越本山證誠寺,"",百景,歴史文化,観る,"","","",夏,横越町　本山證誠寺,"","","","","","",35.945811,136.203598,浄土真宗で十派あるひとつの本山であり、境内では静寂で心が和み、また県道沿いの土壁は重厚感と歴史が感じられます。,"","","","","","","","",https://www.city.sabae.fukui.jp/ls/imagelarge/No39.jpg,"","",https://www.city.sabae.fukui.jp/ls/image/No39.jpg,"","","","","","","","","","","","",http://statdb.nstac.go.jp/lod/sac/C18207
済美の松,"",百景,まち,観る,"","","",夏,日の出町　惜陰小学校内,"","","","","","",35.942458,136.186603,明治32年、現在地に校舎移転新築と大正天皇のご成婚を記念して植えられた松で、100年余を経た現在、優美な中にも松特有の貫禄を示し見る人を楽しませています。,"","","","","","","","",https://www.city.sabae.fukui.jp/ls/imagelarge/No40.jpg,"","",https://www.city.sabae.fukui.jp/ls/image/No40.jpg,"","","","","","","","","","","","",http://statdb.nstac.go.jp/lod/sac/C18207
春日神社,"",百景,歴史文化,観る,"","","",夏,鳥井町　春日神社,"","","","","","",35.944456,136.167699,本殿が室町時代の様式で国指定文化財と狛犬は鯖江市指定文化財に指定されています。,"","","","","","","","",https://www.city.sabae.fukui.jp/ls/imagelarge/No41.jpg,"","",https://www.city.sabae.fukui.jp/ls/image/No41.jpg,"","","","","","","","","","","","",http://statdb.nstac.go.jp/lod/sac/C18207
西光寺,"",百景,歴史文化,観る,"","","",秋,杉本町　西光寺,"","","","","","",35.982717,136.170424,西光寺表門は吉江藩藩邸の表門であったものを廃藩後移設したもので風格があり、境内は広く静かで心落ち着くところです。,"","","","","","","","",https://www.city.sabae.fukui.jp/ls/imagelarge/No42.jpg,"","",https://www.city.sabae.fukui.jp/ls/image/No42.jpg,"","","","","","","","","","","","",http://statdb.nstac.go.jp/lod/sac/C18207
中野神社,"",百景,歴史文化,観る,"","","",夏,中野町（花出)　中野神社,"","","","","","",35.946505,136.213812,鯖江市中野区の総社で三里山の中の杉林の参道や苔むした石畳階段は荘厳で、朱の鳥居や社の建築装飾も見事です。,"","","","","","","","",https://www.city.sabae.fukui.jp/ls/imagelarge/No43.jpg,"","",https://www.city.sabae.fukui.jp/ls/image/No43.jpg,"","","","","","","","","","","","",http://statdb.nstac.go.jp/lod/sac/C18207
日吉神社,"",百景,歴史文化,観る,"","","",秋,上野田町　日吉神社,"","","","","","",35.941832,136.149353,境内の相生の大杉や池がすばらしく、鎮守の森として荘厳な雰囲気があります。,"","","","","","","","",https://www.city.sabae.fukui.jp/ls/imagelarge/No44.jpg,"","",https://www.city.sabae.fukui.jp/ls/image/No44.jpg,"","","","","","","","","","","","",http://statdb.nstac.go.jp/lod/sac/C18207
白山神社,"",百景,歴史文化,観る,"","","",秋,戸口町白山神社,"","","","","","",35.952655,136.248632,鯖江市北中山地区の高台にあり、北中山小学校を中心とする地区が一望でき、境内は荘厳で厳粛な景観です。,"","","","","","","","",https://www.city.sabae.fukui.jp/ls/imagelarge/No45.jpg,"","",https://www.city.sabae.fukui.jp/ls/image/No45.jpg,"","","","","","","","","","","","",http://statdb.nstac.go.jp/lod/sac/C18207
植田家長屋門,"",百景,歴史文化,観る,"","","",春,旭町１丁目,"","","","","","",35.952655,136.248632,鯖江藩家老の住居で1731年頃建築され、歴史を感じさせる素晴らしい建物です。建物前道路は石畳舗装で整備されるなど街並み景観保存に努めています。,"","","","","","","","",https://www.city.sabae.fukui.jp/ls/imagelarge/No46.jpg,"","",https://www.city.sabae.fukui.jp/ls/image/No46.jpg,"","","","","","","","","","","","",http://statdb.nstac.go.jp/lod/sac/C18207
恵美写真館洋館　表門,"",百景,歴史文化,観る,"","","",春,本町３丁目,"","","","","","",35.946549,136.186237,洋館および表門は擬洋風建築物として明治38年に建築され歴史的で、ともに質が高く風情が感じられる建物です。,"","","","","","","","",https://www.city.sabae.fukui.jp/ls/imagelarge/No47.jpg,"","",https://www.city.sabae.fukui.jp/ls/image/No47.jpg,"","","","","","","","","","","","",http://statdb.nstac.go.jp/lod/sac/C18207
萬慶寺,"",百景,歴史文化,観る,"","","",夏,深江町　萬慶寺,"","","","","","",35.94178,136.184986,1847年建築の鯖江市指定文化財で、飾り気がなく禅宗様のまとまりがあり、質素な中にも重厚さを感じさせます。珍しい2階建て楼門形式の門の１つとして貴重な建物です。,"","","","","","","","",https://www.city.sabae.fukui.jp/ls/imagelarge/No48.jpg,"","",https://www.city.sabae.fukui.jp/ls/image/No48.jpg,"","","","","","","","","","","","",http://statdb.nstac.go.jp/lod/sac/C18207
殿上まいり,"",百景,まつり活動,観る,"","","",冬,尾花町,"","","","","","",35.965125,136.311431,鯖江市河和田地区尾花町に伝わる奇祭。毎年2月、地区住民が殿上山を登り、神社前の御神木にしめ縄をかけ、厄年の男を胴上げし放り投げ厄払いをし、無病息災を願います。,"","","","","","","","",https://www.city.sabae.fukui.jp/ls/imagelarge/No49.jpg,"","",https://www.city.sabae.fukui.jp/ls/image/No49.jpg,"","","","","","","","","","","","",http://statdb.nstac.go.jp/lod/sac/C18207
やっしきおどり,"",百景,まつり活動,観る,"","","",夏,本町（歴史の道）,"","","","","","",35.948503,136.185512,鯖江市に古くから残る伝統的な踊りで、「やんしき」とも言います。毎年8月に、本町通りにて「やっしきまつり」が開催され、多くの市民が集い、踊りを繰り広げています。,"","","","","","","","",https://www.city.sabae.fukui.jp/ls/imagelarge/No50.jpg,"","",https://www.city.sabae.fukui.jp/ls/image/No50.jpg,"","","","","","","","","","","","",http://statdb.nstac.go.jp/lod/sac/C18207
歴史の道,"",百景,歴史文化,観る,"","","",秋,"","","","","","","",35.980833,136.186574,旧北陸道（歴史の道）沿いに建ち並ぶ民家と蔵、そして庭先から道に張り出した青々とした松が、旧北陸道を中心に栄えた鯖江の歴史的な情緒が感じられます。,"","","","","","","","",https://www.city.sabae.fukui.jp/ls/imagelarge/No51.jpg,"","",https://www.city.sabae.fukui.jp/ls/image/No51.jpg,"","","","","","","","","","","","",http://statdb.nstac.go.jp/lod/sac/C18207
小黒町信仰の道「三十三間堂」,"",百景,歴史文化,観る,"","","",秋,"","","","","","","",35.950996,136.180888,この登山道は、江戸時代の中、後期にかけて沿道に三十三体の観音像が並べられ、「三十三間堂」として庶民に崇められていたといわれています。また、西山公園の遊歩道へ続く道です。,"","","","","","","","",https://www.city.sabae.fukui.jp/ls/imagelarge/No52.jpg,"","",https://www.city.sabae.fukui.jp/ls/image/No52.jpg,"","","","","","","","","","","","",http://statdb.nstac.go.jp/lod/sac/C18207
琵琶神社,"",百景,歴史文化,観る,"","","",春,神明町,"","","","","","",35.978888,136.183269,街中にひっそりと佇む琵琶神社。桜の頃になると満開の桜が境内の両側に咲き誇り、脇を通る福井鉄道の電車とのコラボレーションも見事です。,"","","","","","","","",https://www.city.sabae.fukui.jp/ls/imagelarge/No53.jpg,"","",https://www.city.sabae.fukui.jp/ls/image/No53.jpg,"","","","","","","","","","","","",http://statdb.nstac.go.jp/lod/sac/C18207
大谷公園展望台,"",百景,まち,観る,"","","",秋,吉江町,"","","","","","",35.993169,136.176446,実のなる公園として整備された大谷公園。展望台から見た景色は、公園全体だけでなく、立待、吉川地区の風景も楽しむことができます。,"","","","","","","","",https://www.city.sabae.fukui.jp/ls/imagelarge/No54.jpg,"","",https://www.city.sabae.fukui.jp/ls/image/No54.jpg,"","","","","","","","","","","","",http://statdb.nstac.go.jp/lod/sac/C18207
榎お清水,"",百景,歴史文化,観る,"","","",秋,西番町,"","","","","","",35.98941,136.177551,吉江藩のお泉水「えのきお清水」は、近松が仲間とともに水遊びに興じたと伝えられており、春慶寺山麓にあります。,"","","","","","","","",https://www.city.sabae.fukui.jp/ls/imagelarge/No55.jpg,"","",https://www.city.sabae.fukui.jp/ls/image/No55.jpg,"","","","","","","","","","","","",http://statdb.nstac.go.jp/lod/sac/C18207
河和田中道通り,"",百景,歴史文化,観る,"","","",夏,河和田町,"","","","","","",35.951973,136.271699,中道通り沿いには、景観を意識した整備がなされており、おもむきある民家や蔵、塀等が一体となった景観となっており、どこか懐かしさを感じさせてくれます。,"","","","","","","","",https://www.city.sabae.fukui.jp/ls/imagelarge/No56.jpg,"","",https://www.city.sabae.fukui.jp/ls/image/No56.jpg,"","","","","","","","","","","","",http://statdb.nstac.go.jp/lod/sac/C18207
うるしの里会館,"",百景,歴史文化,観る,"","","",秋,西袋町,"","","","","","",35.953033,136.2738,回廊式の建物となっており、施設が周辺の景観とマッチしています。また、施設の中では越前漆器の歴史と技術を紹介・発信する施設となっています。,"","","","","","","","",https://www.city.sabae.fukui.jp/ls/imagelarge/No57.jpg,"","",https://www.city.sabae.fukui.jp/ls/image/No57.jpg,"","","","","","","","","","","","",http://statdb.nstac.go.jp/lod/sac/C18207
